Epoch,Time (seconds)
1000,8.241767883300781
2000,16.24114990234375
3000,24.459473371505737
4000,32.38512992858887
5000,40.486339807510376
6000,48.769877433776855
7000,56.74392533302307
8000,65.1288492679596
9000,73.43958830833435
10000,81.52226042747498
11000,89.50550580024719
12000,98.01071763038635
13000,106.90080499649048
14000,115.84428000450134
15000,124.82675671577454
16000,133.85630464553833
17000,142.97467398643494
18000,151.94300270080566
19000,161.11997056007385
20000,170.45057344436646
21000,179.3703637123108
22000,188.51855301856995
23000,197.56945991516113
24000,206.65417385101318
25000,215.47397303581238
26000,224.68049454689026
27000,234.0079038143158
28000,242.82270789146423
29000,252.04315185546875
30000,260.9504392147064
31000,270.4229655265808
32000,279.96245098114014
33000,288.80681324005127
34000,297.83431577682495
35000,306.6555061340332
36000,315.86922430992126
37000,324.82697010040283
38000,333.7366871833801
39000,342.69371008872986
40000,351.75146555900574
41000,360.86054372787476
42000,369.8217191696167
43000,378.90012311935425
44000,388.0438377857208
45000,397.00418972969055
46000,405.80372190475464
47000,414.95989060401917
48000,423.89981508255005
49000,432.98135471343994
50000,441.939261674881
51000,451.1139440536499
52000,460.0644872188568
53000,468.9899671077728
54000,477.8543863296509
55000,486.8360860347748
56000,495.91520047187805
57000,505.0099091529846
58000,513.7416715621948
59000,522.8977544307709
60000,531.8354623317719
61000,540.9179270267487
62000,549.6808984279633
63000,558.5243158340454
64000,567.7772998809814
65000,576.677752494812
66000,585.6421139240265
67000,594.6805713176727
68000,603.9020843505859
69000,613.0903451442719
70000,621.9652600288391
71000,631.1408026218414
72000,640.1467742919922
73000,649.1524171829224
74000,658.036150932312
75000,667.2261216640472
76000,676.4547171592712
77000,685.1585757732391
78000,693.9736812114716
79000,703.2006740570068
80000,712.2423715591431
81000,721.3761518001556
82000,730.5126831531525
83000,739.6048631668091
84000,749.026097536087
85000,757.9564995765686
86000,766.7731540203094
87000,775.8027729988098
88000,784.9564733505249
89000,794.326681137085
90000,803.2393841743469
91000,812.6845269203186
92000,821.8394713401794
93000,830.6677434444427
94000,840.063285112381
95000,848.8254611492157
96000,858.1913571357727
97000,867.6694233417511
98000,877.1874194145203
99000,886.5709941387177
100000,896.455539226532
101000,906.0512323379517
102000,915.4974255561829
103000,925.6774439811707
104000,935.2703280448914
105000,944.5849149227142
106000,955.2010688781738
107000,964.7998743057251
108000,974.5455868244171
109000,984.473405122757
110000,994.1639151573181
111000,1003.6755404472351
112000,1013.1663880348206
113000,1022.5353062152863
114000,1032.0370073318481
115000,1041.7962815761566
116000,1051.2785339355469
117000,1060.8743906021118
118000,1069.8699216842651
119000,1079.42511510849
120000,1089.1630835533142
121000,1098.6295902729034
122000,1108.5258016586304
123000,1117.9554586410522
124000,1127.4676358699799
125000,1136.71945810318
126000,1145.805386543274
127000,1155.3183424472809
128000,1164.2554461956024
129000,1173.1594817638397
130000,1182.4286510944366
131000,1191.4071915149689
132000,1200.6529636383057
133000,1209.6932799816132
134000,1218.9241037368774
135000,1228.063555240631
136000,1236.999934911728
137000,1245.8942506313324
138000,1254.8584756851196
139000,1263.9468445777893
140000,1273.0231845378876
141000,1281.8641662597656
142000,1291.2166557312012
143000,1300.207542181015
144000,1309.300193786621
145000,1318.237559080124
146000,1327.1262352466583
147000,1336.6408698558807
148000,1345.6816010475159
149000,1354.7916021347046
150000,1363.9183957576752
151000,1373.0953783988953
152000,1382.577213048935
153000,1391.4870793819427
154000,1400.2019011974335
155000,1409.6301736831665
156000,1418.4938960075378
157000,1427.6696178913116
158000,1436.6811692714691
159000,1446.1545779705048
160000,1455.4471600055695
161000,1464.344999551773
162000,1473.3292973041534
163000,1482.2053716182709
164000,1491.2297191619873
165000,1500.0071856975555
166000,1509.1353454589844
167000,1518.3447444438934
168000,1527.418705701828
169000,1536.2101383209229
170000,1544.9492535591125
171000,1554.0707647800446
172000,1563.6402769088745
173000,1572.5698311328888
174000,1581.9517893791199
175000,1591.0004909038544
176000,1600.027897119522
177000,1609.199615240097
178000,1618.161480665207
179000,1627.1594383716583
180000,1636.2245841026306
181000,1645.1739406585693
182000,1654.3481392860413
183000,1663.6361396312714
184000,1672.4661664962769
185000,1681.2058296203613
186000,1690.515630722046
187000,1699.7784340381622
188000,1708.6236712932587
189000,1717.5911450386047
190000,1726.4706699848175
191000,1736.234257698059
192000,1745.2234902381897
193000,1754.0633614063263
194000,1763.037956237793
195000,1771.9243364334106
196000,1781.0571765899658
197000,1790.063199043274
198000,1799.149225950241
199000,1808.589272737503
200000,1817.5132887363434
201000,1826.48779296875
202000,1835.7147591114044
203000,1844.8692264556885
204000,1854.2826130390167
205000,1863.3613379001617
206000,1872.7496764659882
207000,1882.014976978302
208000,1891.1266651153564
209000,1900.050291776657
210000,1909.0890057086945
211000,1918.8868432044983
212000,1927.9583275318146
213000,1937.2077233791351
214000,1946.3874907493591
215000,1955.7601549625397
216000,1964.662081003189
217000,1973.5244047641754
218000,1982.7582788467407
219000,1992.2011861801147
220000,2001.281210899353
221000,2010.4816954135895
222000,2019.710503578186
223000,2029.22332406044
224000,2038.150277376175
225000,2047.0775864124298
226000,2056.202789545059
227000,2065.2593989372253
228000,2075.214670419693
229000,2084.4132554531097
230000,2093.6918864250183
231000,2102.4500629901886
232000,2111.383861541748
233000,2120.41526556015
234000,2129.8153553009033
235000,2139.0672283172607
236000,2147.9940328598022
237000,2157.021381855011
238000,2166.481122493744
239000,2175.691177845001
240000,2184.83002948761
241000,2194.1858677864075
242000,2203.8096034526825
243000,2213.1558904647827
244000,2222.375192642212
245000,2231.310362815857
246000,2240.57164478302
247000,2249.6043162345886
248000,2258.4578013420105
249000,2267.662556409836
250000,2276.722922563553
251000,2285.821554660797
252000,2295.0404613018036
253000,2304.092329263687
254000,2313.6938800811768
255000,2322.761485815048
256000,2331.68758893013
257000,2341.5199811458588
258000,2350.763339281082
259000,2359.528260946274
260000,2368.678966283798
261000,2377.773456096649
262000,2386.8860211372375
263000,2395.8466720581055
264000,2404.9296095371246
265000,2413.791422843933
266000,2422.8977897167206
267000,2431.8929421901703
268000,2440.7545602321625
269000,2449.80641412735
270000,2459.4394431114197
271000,2468.527994155884
272000,2477.780207633972
273000,2487.1623589992523
274000,2496.608785867691
275000,2505.9852397441864
276000,2514.980105161667
277000,2523.696707725525
278000,2532.9258165359497
279000,2542.179352045059
280000,2551.3083176612854
281000,2560.285551548004
282000,2569.2349994182587
283000,2578.201260328293
284000,2587.1478016376495
285000,2596.130675315857
286000,2605.533863067627
287000,2614.306158542633
288000,2623.094182729721
289000,2632.1817791461945
290000,2641.424859523773
291000,2650.3576180934906
292000,2658.8214766979218
293000,2667.6602444648743
294000,2676.5320394039154
295000,2685.4408581256866
296000,2694.4949657917023
297000,2703.4518399238586
298000,2712.5008924007416
299000,2721.53346657753
300000,2730.399163007736
301000,2739.4347541332245
302000,2748.681818008423
303000,2757.477983236313
304000,2766.6462852954865
305000,2775.3912909030914
306000,2784.7218930721283
307000,2793.879327774048
308000,2802.876172542572
309000,2812.317180633545
310000,2821.532422542572
311000,2830.519944667816
312000,2839.240127801895
313000,2848.428196668625
314000,2857.436288833618
315000,2866.6747987270355
316000,2875.773685693741
317000,2884.503769636154
318000,2893.7031440734863
319000,2902.699325323105
320000,2911.485495328903
321000,2920.221074819565
322000,2929.413434743881
323000,2938.660026073456
324000,2947.576970100403
325000,2957.0483345985413
326000,2966.420569419861
327000,2975.752929210663
328000,2984.7352957725525
329000,2993.7365300655365
330000,3002.6096539497375
331000,3011.771790742874
332000,3020.689533472061
333000,3029.886287212372
334000,3038.8109951019287
335000,3047.7914538383484
336000,3056.6115634441376
337000,3065.5041568279266
338000,3074.3760817050934
339000,3083.1338007450104
340000,3092.0690174102783
341000,3101.3651084899902
342000,3110.323246240616
343000,3119.2699213027954
344000,3128.3996913433075
345000,3137.5393114089966
346000,3146.7896049022675
347000,3155.9560174942017
348000,3165.02400970459
349000,3174.276121854782
350000,3183.9650959968567
351000,3193.852783679962
352000,3203.235032081604
353000,3213.010689020157
354000,3221.719674348831
355000,3230.5157346725464
356000,3239.421764612198
357000,3248.3078939914703
358000,3257.332990884781
359000,3266.246205329895
360000,3275.282716035843
361000,3284.232017993927
362000,3293.2534720897675
363000,3302.073337316513
364000,3311.0107429027557
365000,3320.0609571933746
366000,3329.380036354065
367000,3338.5248346328735
368000,3347.4306347370148
369000,3356.1233665943146
370000,3365.1381101608276
371000,3374.5600819587708
372000,3383.748895406723
373000,3393.1564967632294
374000,3402.0911631584167
375000,3411.0525710582733
376000,3419.774090051651
377000,3428.7082467079163
378000,3437.967319726944
379000,3446.9039883613586
380000,3456.0482800006866
381000,3464.9769325256348
382000,3473.9661390781403
383000,3482.878762960434
384000,3491.759567260742
385000,3500.5964829921722
386000,3509.3013100624084
387000,3517.8103573322296
388000,3526.9576654434204
389000,3536.5954489707947
390000,3545.312497615814
391000,3554.3497660160065
392000,3563.7979350090027
393000,3572.9493753910065
394000,3582.1545493602753
395000,3591.2049510478973
396000,3600.1182746887207
397000,3609.4698259830475
398000,3618.545430421829
399000,3627.5369601249695
400000,3636.4620459079742
401000,3645.4386973381042
402000,3654.522782802582
403000,3663.675234556198
404000,3672.665377140045
405000,3681.6470007896423
406000,3691.2287998199463
407000,3700.3717770576477
408000,3709.7374880313873
409000,3718.778970479965
410000,3727.7089903354645
411000,3736.8818051815033
412000,3746.0098016262054
413000,3755.0775434970856
414000,3763.811512231827
415000,3773.3981659412384
416000,3782.182870388031
417000,3791.17142868042
418000,3800.4844810962677
419000,3809.4704401493073
420000,3818.389985561371
421000,3827.42915725708
422000,3836.53484082222
423000,3845.2975509166718
424000,3854.3209199905396
425000,3863.0009655952454
426000,3872.2826266288757
427000,3881.2251670360565
428000,3889.962834596634
429000,3898.6491968631744
430000,3907.4218850135803
431000,3916.236756801605
432000,3925.2852914333344
433000,3934.21378326416
434000,3943.2932448387146
435000,3952.390175819397
436000,3961.1283786296844
437000,3969.942305803299
438000,3979.12388586998
439000,3987.7398176193237
440000,3996.5758566856384
441000,4005.4120812416077
442000,4014.322173833847
443000,4023.554302930832
444000,4032.5658071041107
445000,4041.8173797130585
446000,4050.687137365341
447000,4059.438716650009
448000,4068.5319776535034
449000,4077.5409746170044
450000,4086.4252259731293
451000,4095.310078859329
452000,4104.24871301651
453000,4113.21461725235
454000,4122.073961734772
455000,4131.157997608185
456000,4140.141841411591
457000,4149.03177690506
458000,4158.058569192886
459000,4167.155254125595
460000,4176.0529527664185
461000,4185.062213897705
462000,4193.92164516449
463000,4203.0134155750275
464000,4211.971286058426
465000,4220.9089987277985
466000,4230.041141986847
467000,4239.049537181854
468000,4248.11692070961
469000,4256.994827508926
470000,4265.987534761429
471000,4274.668821334839
472000,4283.738872528076
473000,4293.041826963425
474000,4302.530283689499
475000,4312.041320323944
476000,4321.099946498871
477000,4329.8977172374725
478000,4338.842737436295
479000,4347.432164907455
480000,4356.47628235817
481000,4365.762200117111
482000,4374.33461356163
483000,4383.284474849701
484000,4392.275546073914
485000,4401.64289689064
486000,4410.445187091827
487000,4419.130149364471
488000,4427.871959686279
489000,4437.115664243698
490000,4445.805504560471
491000,4454.775069475174
492000,4463.912403821945
493000,4472.833498001099
494000,4482.286068439484
495000,4491.131753206253
496000,4499.84664106369
497000,4509.068006277084
498000,4518.093391180038
499000,4527.148998975754
500000,4536.071174621582
501000,4544.993748188019
502000,4553.64079117775
503000,4562.361515760422
504000,4571.076015472412
505000,4579.925340890884
506000,4589.208726406097
507000,4598.2186415195465
508000,4607.658561706543
509000,4616.50892996788
510000,4625.6885278224945
511000,4634.874915122986
512000,4643.972211360931
513000,4653.39315533638
514000,4662.808988332748
515000,4671.9920790195465
516000,4681.18931889534
517000,4690.264998912811
518000,4699.227050304413
519000,4708.296380281448
520000,4717.340274095535
521000,4726.293984413147
522000,4735.021316051483
523000,4744.222780704498
524000,4753.331867694855
525000,4762.418606758118
526000,4771.426600694656
527000,4780.626903057098
528000,4789.617254972458
529000,4798.648189067841
530000,4808.615857601166
531000,4817.988936424255
532000,4827.264268398285
533000,4836.5250244140625
534000,4845.475845813751
535000,4854.4560546875
536000,4863.331609964371
537000,4872.055364847183
538000,4880.866918563843
539000,4889.74765586853
540000,4898.963548660278
541000,4907.830743789673
542000,4916.630923032761
543000,4925.798698425293
544000,4934.715183734894
545000,4943.484788417816
546000,4952.273272514343
547000,4961.535096883774
548000,4970.574867963791
549000,4979.5233561992645
550000,4988.4117205142975
551000,4997.312046051025
552000,5006.292552232742
553000,5015.529546737671
554000,5024.6863787174225
555000,5033.466258049011
556000,5042.25020813942
557000,5051.06160902977
558000,5060.072825670242
559000,5069.16432261467
560000,5078.343629598618
561000,5087.40768456459
562000,5096.269836425781
563000,5105.430907964706
564000,5114.425263404846
565000,5123.422080278397
566000,5132.420278072357
567000,5141.383855819702
568000,5150.096572399139
569000,5159.0416214466095
570000,5168.517216205597
571000,5177.281089067459
572000,5186.12620973587
573000,5194.872857093811
574000,5204.004989624023
575000,5213.100868463516
576000,5221.986125946045
577000,5231.051638126373
578000,5239.718180656433
579000,5248.4101593494415
580000,5257.2967047691345
581000,5266.171979665756
582000,5274.852048873901
583000,5283.8256232738495
584000,5292.428788900375
585000,5301.239010095596
586000,5309.99174118042
587000,5318.979082107544
588000,5327.786985874176
589000,5336.975032091141
590000,5345.8870322704315
591000,5354.916747093201
592000,5363.773445606232
593000,5372.849817276001
594000,5381.614880800247
595000,5390.938077688217
596000,5400.574995994568
597000,5410.468756437302
598000,5419.63610625267
599000,5429.269212961197
600000,5438.243517637253
601000,5447.183970212936
602000,5456.260006189346
603000,5465.200901269913
604000,5474.159479379654
605000,5483.0904240608215
606000,5491.97775554657
607000,5500.985160589218
608000,5509.7586505413055
609000,5518.7208776474
610000,5527.473300695419
611000,5536.008274078369
612000,5545.023124694824
613000,5554.146277427673
614000,5562.998341321945
615000,5572.1963975429535
616000,5580.88672709465
617000,5590.017604589462
618000,5598.866684675217
619000,5607.914271116257
620000,5616.789762496948
621000,5625.785642147064
622000,5634.672857761383
623000,5643.56530046463
624000,5652.401839017868
625000,5661.378089189529
626000,5670.4750599861145
627000,5679.536658287048
628000,5688.433449268341
629000,5697.502822637558
630000,5706.499667644501
631000,5715.6845445632935
632000,5724.352952718735
633000,5733.286683320999
634000,5742.261818408966
635000,5751.08364200592
636000,5759.938192129135
637000,5768.7576286792755
638000,5777.403732776642
639000,5786.36239027977
640000,5795.201987981796
641000,5804.470893859863
642000,5813.384021282196
643000,5822.0301861763
644000,5830.777566432953
645000,5839.621072769165
646000,5848.452783107758
647000,5857.7216720581055
648000,5866.368083000183
649000,5875.472928285599
650000,5884.648028373718
651000,5893.433724403381
652000,5902.51833486557
653000,5911.411969900131
654000,5920.320691585541
655000,5929.155800580978
656000,5938.166652917862
657000,5947.184200048447
658000,5956.162174940109
659000,5965.017963647842
660000,5974.060693264008
661000,5983.048761129379
662000,5992.202584028244
663000,6001.326765537262
664000,6010.196704149246
665000,6019.175696372986
666000,6028.4718317985535
667000,6037.412219285965
668000,6046.42462348938
669000,6055.662497520447
670000,6064.786977291107
671000,6073.602509021759
672000,6082.5189526081085
673000,6091.5034964084625
674000,6100.613802909851
675000,6109.378562927246
676000,6118.492160558701
677000,6127.650808334351
678000,6136.475430488586
679000,6145.4007823467255
680000,6154.465332508087
681000,6163.646712779999
682000,6172.591386556625
683000,6181.3632180690765
684000,6190.742753744125
685000,6199.687344312668
686000,6208.943197011948
687000,6217.9499044418335
688000,6227.325266599655
689000,6236.1582288742065
690000,6245.403926610947
691000,6254.058547735214
692000,6263.122084140778
693000,6272.011435985565
694000,6280.895388126373
695000,6289.994644641876
696000,6298.891076803207
697000,6307.951007604599
698000,6316.863292694092
699000,6325.757143497467
700000,6334.948767185211
701000,6344.376121997833
702000,6353.267555713654
703000,6362.338156223297
704000,6371.357111930847
705000,6380.38884305954
706000,6389.5502417087555
707000,6398.675091266632
708000,6407.650708198547
709000,6416.467801094055
710000,6425.350719451904
711000,6434.64453959465
712000,6443.583654165268
713000,6452.470264434814
714000,6461.571019649506
715000,6470.570925474167
716000,6479.330813884735
717000,6487.9779534339905
718000,6496.6453976631165
719000,6506.120790481567
720000,6515.778842926025
721000,6525.613633155823
722000,6535.5857746601105
723000,6544.5538647174835
724000,6553.621579408646
725000,6562.4007687568665
726000,6571.220191001892
727000,6580.25094294548
728000,6589.279138803482
729000,6598.1725018024445
730000,6607.1957359313965
731000,6616.120578289032
732000,6624.939377784729
733000,6633.881473302841
734000,6642.741215229034
735000,6651.695544242859
736000,6660.876310348511
737000,6669.540198087692
738000,6678.571803331375
739000,6687.493856906891
740000,6696.636499404907
741000,6705.448574781418
742000,6714.403507947922
743000,6723.208922863007
744000,6732.241780042648
745000,6741.363245010376
746000,6750.557356834412
747000,6759.423969745636
748000,6768.295082569122
749000,6777.239797115326
750000,6786.480761528015
751000,6795.310067892075
752000,6804.260541677475
753000,6812.983666419983
754000,6821.598044633865
755000,6830.6566524505615
756000,6839.533697843552
757000,6849.023902416229
758000,6858.178750514984
759000,6867.183082818985
760000,6876.111457586288
761000,6885.090690851212
762000,6894.278209209442
763000,6903.31768488884
764000,6912.1530039310455
765000,6921.165422916412
766000,6930.399285793304
767000,6939.532863140106
768000,6948.609803438187
769000,6957.827699184418
770000,6966.691893577576
771000,6975.725050449371
772000,6984.497855901718
773000,6993.3194081783295
774000,7002.392815113068
775000,7011.230411529541
776000,7019.98900270462
777000,7028.907579660416
778000,7037.6918115615845
779000,7046.451943635941
780000,7055.108425378799
781000,7063.945837497711
782000,7072.97484087944
783000,7081.757763624191
784000,7090.680592060089
785000,7099.61079454422
786000,7108.297934770584
787000,7117.252856731415
788000,7126.072549343109
789000,7134.961246013641
790000,7143.85156583786
791000,7152.705883264542
792000,7161.499108314514
793000,7170.519122838974
794000,7179.496740579605
795000,7188.5762350559235
796000,7197.46334695816
797000,7206.236036300659
798000,7215.0621910095215
799000,7223.8813898563385
800000,7232.95489692688
801000,7241.89928650856
802000,7250.666962385178
803000,7259.58185005188
804000,7268.43394446373
805000,7277.264581441879
806000,7286.076643228531
807000,7294.733302593231
808000,7303.750568151474
809000,7313.002123832703
810000,7322.2343554496765
811000,7331.300813913345
812000,7340.13871049881
813000,7349.265155315399
814000,7358.121067523956
815000,7367.156008005142
816000,7376.408212900162
817000,7385.232031106949
818000,7394.150596857071
819000,7403.012176513672
820000,7411.7070825099945
821000,7420.863049983978
822000,7429.879328966141
823000,7438.796190261841
824000,7447.607433080673
825000,7456.2957265377045
826000,7465.596436500549
827000,7474.717614650726
828000,7483.55606341362
829000,7492.558619737625
830000,7501.296717882156
831000,7510.216648817062
832000,7519.318078994751
833000,7528.568519830704
834000,7537.586507797241
835000,7546.3562643527985
836000,7555.346806764603
837000,7564.28809261322
838000,7573.344536781311
839000,7582.1575927734375
840000,7590.9268572330475
841000,7599.740088224411
842000,7608.4610295295715
843000,7618.1296508312225
844000,7628.015727519989
845000,7638.580728530884
846000,7647.745006799698
847000,7656.497745990753
848000,7665.528244495392
849000,7674.398226261139
850000,7683.186681270599
851000,7692.119595527649
852000,7700.934887886047
853000,7709.572491407394
854000,7718.569731473923
855000,7727.340852022171
856000,7736.261429071426
857000,7745.242941379547
858000,7754.008151292801
859000,7763.142793893814
860000,7772.011194705963
861000,7781.1334109306335
862000,7790.188962936401
863000,7799.063850402832
864000,7807.809776067734
865000,7816.673305034637
866000,7825.4713571071625
867000,7834.706739902496
868000,7844.037286996841
869000,7852.782384634018
870000,7861.645319700241
871000,7870.685465335846
872000,7879.495306491852
873000,7888.536190748215
874000,7897.28711271286
875000,7906.1964275836945
876000,7915.15491604805
877000,7923.737860918045
878000,7932.841592073441
879000,7941.712114572525
880000,7950.549943447113
881000,7959.368218898773
882000,7968.417577266693
883000,7977.51008605957
884000,7986.438173294067
885000,7996.026947021484
886000,8004.956080675125
887000,8013.827707052231
888000,8022.66343832016
889000,8031.465139389038
890000,8040.31406545639
891000,8049.16029882431
892000,8057.847858905792
893000,8066.790773630142
894000,8075.583535909653
895000,8084.428868055344
896000,8093.400354623795
897000,8102.467997550964
898000,8111.366865158081
899000,8120.243316888809
900000,8129.183677196503
901000,8138.388446092606
902000,8147.730901479721
903000,8156.53826880455
904000,8165.557131767273
905000,8174.319848060608
906000,8183.254761219025
907000,8192.208717346191
908000,8200.954648733139
909000,8209.923910617828
910000,8218.697300434113
911000,8227.502402544022
912000,8236.257422924042
913000,8244.952585220337
914000,8253.746216535568
915000,8262.624469995499
916000,8271.439500808716
917000,8280.169950246811
918000,8289.138574838638
919000,8298.041984081268
920000,8307.075300216675
921000,8315.889886140823
922000,8325.395649909973
923000,8334.521309614182
924000,8343.49308180809
925000,8352.357837438583
926000,8361.114821195602
927000,8369.888356924057
928000,8378.540322065353
929000,8387.429225683212
930000,8396.549982786179
931000,8405.642418384552
932000,8414.617171525955
933000,8423.615077018738
934000,8432.484985589981
935000,8441.051315784454
936000,8449.723651885986
937000,8458.657235622406
938000,8467.43113899231
939000,8476.200776815414
940000,8485.13651895523
941000,8493.950742483139
942000,8502.95480132103
943000,8511.851115703583
944000,8520.575181722641
945000,8529.336419820786
946000,8538.154412984848
947000,8547.119540929794
948000,8555.898602247238
949000,8564.989753484726
950000,8574.146427631378
951000,8583.098606348038
952000,8591.824892759323
953000,8600.753576517105
954000,8609.566397428513
955000,8618.542522192001
956000,8627.698114156723
957000,8636.67478299141
958000,8645.498982667923
959000,8654.669425010681
960000,8663.795147418976
961000,8672.620672225952
962000,8681.422111988068
963000,8690.325100421906
964000,8699.057007551193
965000,8708.102613210678
966000,8717.156539201736
967000,8726.907603263855
968000,8735.988817453384
969000,8745.89907693863
970000,8754.835132360458
971000,8763.86805343628
972000,8772.902317762375
973000,8781.751809358597
974000,8790.752771139145
975000,8799.510211467743
976000,8808.361928462982
977000,8817.322943687439
978000,8826.277590036392
979000,8835.66168475151
980000,8844.553781747818
981000,8853.417855262756
982000,8862.24394083023
983000,8870.7767329216
984000,8879.883297920227
985000,8888.645147562027
986000,8897.721945285797
987000,8906.745551109314
988000,8915.87109708786
989000,8925.158796548843
990000,8934.355135440826
991000,8943.212933540344
992000,8952.233437776566
993000,8961.167733192444
994000,8970.007350206375
995000,8978.822012662888
996000,8987.493250131607
997000,8996.369896650314
998000,9005.301581859589
999000,9013.97118139267
1000000,9022.971295118332
1001000,9031.856592178345
1002000,9040.89885520935
1003000,9049.791353464127
1004000,9058.605269670486
1005000,9067.644088745117
1006000,9076.372387647629
1007000,9085.030435085297
1008000,9094.122806549072
1009000,9103.248743534088
1010000,9112.325843572617
1011000,9121.255334377289
1012000,9130.00654220581
1013000,9138.974674463272
1014000,9147.82649064064
1015000,9156.58897972107
1016000,9165.684645652771
1017000,9174.46964430809
1018000,9183.378739595413
1019000,9192.194525957108
1020000,9201.012524366379
1021000,9209.862832784653
1022000,9218.657006263733
1023000,9227.40474653244
1024000,9236.257363080978
1025000,9245.001735925674
1026000,9253.866389513016
1027000,9262.734551668167
1028000,9271.754625797272
1029000,9280.636788368225
1030000,9289.785249948502
1031000,9298.905287504196
1032000,9307.917685985565
1033000,9316.833682775497
1034000,9325.729432582855
1035000,9334.656513929367
1036000,9343.7901866436
1037000,9352.805693387985
1038000,9361.614795207977
1039000,9370.713678121567
1040000,9379.811995983124
1041000,9388.800433635712
1042000,9397.67850446701
1043000,9406.461571216583
1044000,9415.781914710999
1045000,9425.214908361435
1046000,9434.129603624344
1047000,9443.07180261612
1048000,9451.868673563004
1049000,9460.804174900055
1050000,9469.713450431824
1051000,9478.683507680893
1052000,9487.644352674484
1053000,9496.286189079285
1054000,9505.09008193016
1055000,9513.96517753601
1056000,9522.950225353241
1057000,9531.825721263885
1058000,9541.288466453552
1059000,9550.546515703201
1060000,9559.87022471428
1061000,9568.81030011177
1062000,9577.900006532669
1063000,9586.694638490677
1064000,9595.410307645798
1065000,9604.09121799469
1066000,9613.085745811462
1067000,9621.735946416855
1068000,9630.627390146255
1069000,9639.412835121155
1070000,9648.241190195084
1071000,9657.020297527313
1072000,9665.914487838745
1073000,9674.856669664383
1074000,9683.666029691696
1075000,9692.601937294006
1076000,9701.690941095352
1077000,9710.606021881104
1078000,9719.608225345612
1079000,9728.58216881752
1080000,9737.491242170334
1081000,9746.203587532043
1082000,9754.92743563652
1083000,9763.74505019188
1084000,9772.89975643158
1085000,9781.909628391266
1086000,9791.049976110458
1087000,9800.0482711792
1088000,9808.736288070679
1089000,9817.547093629837
1090000,9826.55072927475
1091000,9836.440448999405
1092000,9846.65741610527
1093000,9856.623347997665
1094000,9865.49257850647
1095000,9874.554673910141
1096000,9883.255165576935
1097000,9892.252579927444
1098000,9901.342416524887
1099000,9910.266181707382
1100000,9919.219649076462
1101000,9928.105234622955
1102000,9937.21183514595
1103000,9946.105758666992
1104000,9955.144612312317
1105000,9964.243723630905
1106000,9973.386637687683
1107000,9982.6180768013
1108000,9991.652668476105
1109000,10000.612431764603
1110000,10009.831870794296
1111000,10018.924188137054
1112000,10028.135682582855
1113000,10037.050781011581
1114000,10045.820280313492
1115000,10054.811703205109
1116000,10063.81122136116
1117000,10072.621679782867
1118000,10082.092654466629
1119000,10091.182381391525
1120000,10100.279842376709
1121000,10109.14077591896
1122000,10118.21582698822
1123000,10127.110657930374
1124000,10136.142422914505
1125000,10145.026901006699
1126000,10153.94945526123
1127000,10163.130106925964
1128000,10172.210575580597
1129000,10181.099870920181
1130000,10190.035004138947
1131000,10198.978897094727
1132000,10208.038830280304
1133000,10217.299449920654
1134000,10226.258490562439
1135000,10235.285820960999
1136000,10244.319314718246
1137000,10253.419848918915
1138000,10262.46898984909
1139000,10271.305104255676
1140000,10280.274293422699
1141000,10289.062435150146
1142000,10298.068835496902
1143000,10306.969855546951
1144000,10315.803644418716
1145000,10324.706941604614
1146000,10333.533059597015
1147000,10342.36448264122
1148000,10351.136725664139
1149000,10359.747958421707
1150000,10368.64845085144
1151000,10377.422597646713
1152000,10386.53081035614
1153000,10395.687745809555
1154000,10404.921970367432
1155000,10413.812529563904
1156000,10422.782189130783
1157000,10431.760174274445
1158000,10440.59961771965
1159000,10449.568009853363
1160000,10458.463586330414
1161000,10467.409004688263
1162000,10476.235655069351
1163000,10485.220191001892
1164000,10494.51249217987
1165000,10503.719674825668
1166000,10512.913466453552
1167000,10521.995948553085
1168000,10530.791001081467
1169000,10539.992058038712
1170000,10549.029338359833
1171000,10558.371303796768
1172000,10567.209234714508
1173000,10576.119092941284
1174000,10585.083980798721
1175000,10593.949485063553
1176000,10602.907449007034
1177000,10611.761884212494
1178000,10620.530208587646
1179000,10629.810247182846
1180000,10639.37897849083
1181000,10648.548109054565
1182000,10657.531180858612
1183000,10666.978792190552
1184000,10675.824263811111
1185000,10684.831552028656
1186000,10693.819400310516
1187000,10702.752940654755
1188000,10711.784901618958
1189000,10720.455876111984
1190000,10729.473772525787
1191000,10738.365457296371
1192000,10747.288652420044
1193000,10756.369149208069
1194000,10765.228173971176
1195000,10774.033654212952
1196000,10782.887383699417
1197000,10791.712966680527
1198000,10800.642811059952
1199000,10809.634942293167
1200000,10818.833863735199
1201000,10827.704095363617
1202000,10836.543555736542
1203000,10845.912098884583
1204000,10854.957499980927
1205000,10864.063709259033
1206000,10873.116846561432
1207000,10882.008944511414
1208000,10891.092619419098
1209000,10899.9226770401
1210000,10908.850017309189
1211000,10917.715841531754
1212000,10927.137995958328
1213000,10936.782936096191
1214000,10946.316111326218
1215000,10955.771637678146
1216000,10965.742615938187
1217000,10975.120865821838
1218000,10984.13439297676
1219000,10993.22926068306
1220000,11002.895483732224
1221000,11012.09110403061
1222000,11021.35333108902
1223000,11030.69507408142
1224000,11040.270366668701
1225000,11049.516065835953
1226000,11058.67807173729
1227000,11067.947799682617
1228000,11078.05083823204
1229000,11087.636866569519
1230000,11096.729045629501
1231000,11106.260178804398
1232000,11115.84150671959
1233000,11125.004155397415
1234000,11134.30024766922
1235000,11143.52186536789
1236000,11152.946388483047
1237000,11162.285891771317
1238000,11171.418622970581
1239000,11180.650790452957
1240000,11189.948471784592
1241000,11199.236291885376
1242000,11208.680472373962
1243000,11218.040860891342
1244000,11227.99483013153
1245000,11237.35420513153
1246000,11246.736656665802
1247000,11256.358750581741
1248000,11265.446993350983
1249000,11275.042299509048
1250000,11284.486936569214
1251000,11294.00219130516
1252000,11303.814761400223
1253000,11313.812608003616
1254000,11323.974557876587
1255000,11333.395227193832
1256000,11342.894267082214
1257000,11352.41639304161
1258000,11362.231563329697
1259000,11371.261912584305
1260000,11380.556539773941
1261000,11390.178704977036
1262000,11399.350377082825
1263000,11408.89535832405
1264000,11418.100648641586
1265000,11427.489579677582
1266000,11437.640214204788
1267000,11447.083727359772
1268000,11456.961599826813
1269000,11466.536612510681
1270000,11476.192059516907
1271000,11485.70269370079
1272000,11495.286310911179
1273000,11504.619945764542
1274000,11514.052118778229
1275000,11523.181249856949
1276000,11532.123811244965
1277000,11541.719916343689
1278000,11551.745494127274
1279000,11560.88208246231
1280000,11570.138394117355
1281000,11579.862025022507
1282000,11589.329725980759
1283000,11598.599429368973
1284000,11607.814420223236
1285000,11617.739848613739
1286000,11627.268001317978
1287000,11636.611440181732
1288000,11645.672906160355
1289000,11655.86272740364
1290000,11665.556949138641
1291000,11674.879668951035
1292000,11684.210085630417
1293000,11693.909304618835
1294000,11703.216247558594
1295000,11712.64396572113
1296000,11722.097319841385
1297000,11732.097889661789
1298000,11741.41892170906
1299000,11750.910151481628
1300000,11760.105675935745
1301000,11769.28190612793
1302000,11778.728995084763
1303000,11787.85687994957
1304000,11797.213223934174
1305000,11806.956399679184
1306000,11816.598215341568
1307000,11825.735918283463
1308000,11835.02659368515
1309000,11844.87106871605
1310000,11853.771796226501
1311000,11862.794461727142
1312000,11872.048103809357
1313000,11881.739319086075
1314000,11890.69502735138
1315000,11899.99949836731
1316000,11909.342069387436
1317000,11918.37570810318
1318000,11927.59400343895
1319000,11936.847922086716
1320000,11945.764438152313
1321000,11955.13319015503
1322000,11964.438769578934
1323000,11973.360842943192
1324000,11982.641257762909
1325000,11992.04530453682
1326000,12001.22564792633
1327000,12010.340384483337
1328000,12019.974610567093
1329000,12029.439896345139
1330000,12038.930957317352
1331000,12048.3511800766
1332000,12057.935842752457
1333000,12067.54716706276
1334000,12077.773528337479
1335000,12086.809976577759
1336000,12096.158379554749
1337000,12105.43098950386
1338000,12114.710808753967
1339000,12123.962085485458
1340000,12133.134964704514
1341000,12142.335186004639
1342000,12151.971850633621
1343000,12161.11533331871
1344000,12170.674865961075
1345000,12180.550929546356
1346000,12189.704187631607
1347000,12199.019213676453
1348000,12208.266381978989
1349000,12217.384881973267
1350000,12227.005623579025
1351000,12236.433619260788
1352000,12245.847348451614
1353000,12255.35441160202
1354000,12264.47641301155
1355000,12273.79157090187
1356000,12283.358114004135
1357000,12293.167464971542
1358000,12302.596326589584
1359000,12311.819946289062
1360000,12321.305918216705
1361000,12330.552480220795
1362000,12340.161888122559
1363000,12349.633191108704
1364000,12358.991008520126
1365000,12368.700988292694
1366000,12378.17005944252
1367000,12387.440091133118
1368000,12396.910362243652
1369000,12406.362874746323
1370000,12415.849301099777
1371000,12425.463321208954
1372000,12434.83333849907
1373000,12444.278526544571
1374000,12453.609045267105
1375000,12463.090178966522
1376000,12472.570932865143
1377000,12481.947134256363
1378000,12492.005007266998
1379000,12502.067370891571
1380000,12511.714468240738
1381000,12521.39931511879
1382000,12530.476263999939
1383000,12540.202110528946
1384000,12549.541181087494
1385000,12559.116079330444
1386000,12568.748330831528
1387000,12578.328021764755
1388000,12588.142790794373
1389000,12597.600081205368
1390000,12607.269894361496
1391000,12617.03729224205
1392000,12626.525091409683
1393000,12635.977141141891
1394000,12645.204255342484
1395000,12654.731836557388
1396000,12664.014017343521
1397000,12673.207162380219
1398000,12682.79197883606
1399000,12692.37387251854
1400000,12701.73169374466
1401000,12711.101817369461
1402000,12720.38507604599
1403000,12730.29269528389
1404000,12739.788643836975
1405000,12749.046964883804
1406000,12759.349057912827
1407000,12769.086519002914
1408000,12778.492123365402
1409000,12788.400807857513
1410000,12798.196143865585
1411000,12807.892280340195
1412000,12817.039662599564
1413000,12826.564427375793
1414000,12836.636102199554
1415000,12845.941880941391
1416000,12855.584619522095
1417000,12865.022927999496
1418000,12875.017179012299
1419000,12884.310055971146
1420000,12893.320638418198
1421000,12902.82517361641
1422000,12911.896295070648
1423000,12920.993264913559
1424000,12930.365398645401
1425000,12939.92779493332
1426000,12949.317353963852
1427000,12958.812187194824
1428000,12968.472558498383
1429000,12977.70032119751
1430000,12987.385309457779
1431000,12996.791949987411
1432000,13006.826639175415
1433000,13016.73070716858
1434000,13025.977335691452
1435000,13036.006540060043
1436000,13046.081014871597
1437000,13055.893537521362
1438000,13064.920909166336
1439000,13074.489464759827
1440000,13084.404644012451
1441000,13093.756764888763
1442000,13103.119024276733
1443000,13112.61628484726
1444000,13123.181898117065
1445000,13132.265693426132
1446000,13142.057070016861
1447000,13151.83445096016
1448000,13161.687803983688
1449000,13171.740131616592
1450000,13181.620270252228
1451000,13191.127127408981
1452000,13200.385333061218
1453000,13209.761886119843
1454000,13218.897043466568
1455000,13228.319276332855
1456000,13237.926914930344
1457000,13247.001056432724
1458000,13256.335493326187
1459000,13265.692494630814
1460000,13275.212066411972
1461000,13285.045336961746
1462000,13294.76311635971
1463000,13304.34359574318
1464000,13313.760109901428
1465000,13323.430174827576
1466000,13332.920677423477
1467000,13342.739166975021
1468000,13351.99555015564
1469000,13361.364798069
1470000,13371.37225151062
1471000,13380.705319404602
1472000,13390.240198135376
1473000,13399.524540901184
1474000,13409.342588186264
1475000,13418.991648674011
1476000,13428.539125442505
1477000,13438.254581451416
1478000,13447.429739952087
1479000,13457.526105642319
1480000,13466.96636915207
1481000,13476.435888767242
1482000,13486.146216154099
1483000,13495.649792432785
1484000,13504.800844669342
1485000,13514.420713663101
1486000,13524.895869731903
1487000,13534.64165687561
1488000,13544.242946863174
1489000,13553.70031785965
1490000,13563.028831243515
1491000,13572.89693236351
1492000,13582.185725450516
1493000,13592.157001972198
1494000,13601.511035203934
1495000,13610.880543708801
1496000,13619.948257446289
1497000,13629.452174663544
1498000,13639.11527466774
1499000,13648.48776769638
1500000,13658.044965267181
1501000,13667.969247817993
1502000,13677.22341632843
1503000,13687.217346668243
1504000,13697.1401450634
1505000,13707.088498353958
1506000,13716.310066461563
1507000,13726.014828443527
1508000,13735.82606291771
1509000,13745.789746046066
1510000,13755.119651317596
1511000,13764.692183732986
1512000,13774.729836940765
1513000,13784.045081615448
1514000,13793.30581355095
1515000,13802.774481773376
1516000,13812.272642374039
1517000,13821.862823486328
1518000,13831.490234613419
1519000,13841.097672462463
1520000,13850.528695821762
1521000,13860.389543294907
1522000,13869.489138841629
1523000,13878.397586107254
1524000,13888.24353313446
1525000,13897.569457292557
1526000,13906.848181009293
1527000,13916.124686479568
1528000,13925.778470277786
1529000,13935.198552131653
1530000,13944.208643913269
1531000,13953.98560142517
1532000,13963.674093723297
1533000,13973.201853990555
1534000,13982.46235370636
1535000,13992.034208536148
1536000,14001.716460227966
1537000,14010.914290904999
1538000,14020.539570093155
1539000,14029.972949028015
1540000,14038.970098495483
1541000,14048.14401435852
1542000,14057.502143144608
1543000,14067.217202663422
1544000,14076.578661203384
1545000,14085.991873025894
1546000,14095.249933242798
1547000,14105.114616394043
1548000,14115.301741361618
1549000,14124.377872467041
1550000,14134.650244951248
1551000,14144.540019273758
1552000,14154.181099176407
1553000,14163.7631046772
1554000,14173.656870603561
1555000,14183.126287698746
1556000,14192.677610397339
1557000,14202.693023443222
1558000,14212.116792917252
1559000,14221.309067726135
1560000,14230.717124462128
1561000,14240.438888788223
1562000,14250.158732175827
1563000,14259.23848080635
1564000,14268.929372787476
1565000,14278.559609174728
1566000,14289.344467639923
1567000,14298.793953180313
1568000,14308.161547899246
1569000,14317.670742750168
1570000,14326.737711906433
1571000,14336.078775405884
1572000,14345.634296655655
1573000,14355.037893772125
1574000,14364.523225545883
