"Time","Subsystem #1|CTLs|Vars|Tm","Subsystem #1|CTLs|Vars|WPU","Subsystem #1|Machines|M1|Te_sync","Subsystem #1|Machines|M1|w_sync"
0.0,0.0,1.000509361,-0.2499993167,1.000002145
5.0E-5,0.0,1.000509361,-0.2499992671,1.000002145
1.0E-4,0.0,1.000509361,-0.2499992182,1.000002145
1.5E-4,0.0,1.000509361,-0.24999917,1.000002145
2.0E-4,0.0,1.000509361,-0.2499991226,1.000002145
2.5E-4,0.0,1.000509361,-0.2499990761,1.000002145
3.0E-4,0.0,1.000509361,-0.2499990304,1.000002145
3.5E-4,0.0,1.000509361,-0.2499989855,1.000002145
4.0E-4,0.0,1.000509361,-0.2499989416,1.000002145
4.5E-4,0.0,1.000509361,-0.2499988986,1.000002145
5.0E-4,0.0,1.000509361,-0.2499988567,1.000002145
5.5E-4,0.0,1.000509361,-0.2499988157,1.000002145
6.0E-4,0.0,1.000509361,-0.2499987758,1.000002145
6.5E-4,0.0,1.00050936,-0.249998737,1.000002145
7.0E-4,0.0,1.00050936,-0.2499986993,1.000002145
7.5E-4,0.0,1.00050936,-0.2499986627,1.000002145
8.0E-4,0.0,1.00050936,-0.2499986274,1.000002145
8.5E-4,0.0,1.00050936,-0.2499985932,1.000002145
9.0E-4,0.0,1.00050936,-0.2499985603,1.000002145
9.5E-4,0.0,1.00050936,-0.2499985286,1.000002145
0.001,0.0,1.00050936,-0.2499984983,1.000002145
0.00105,0.0,1.00050936,-0.2499984693,1.000002145
0.0011,0.0,1.00050936,-0.2499984416,1.000002145
0.00115,0.0,1.00050936,-0.2499984154,1.000002145
0.0012,0.0,1.00050936,-0.2499983906,1.000002144
0.00125,0.0,1.00050936,-0.2499983672,1.000002144
0.0013,0.0,1.00050936,-0.2499983453,1.000002144
0.00135,0.0,1.00050936,-0.2499983249,1.000002144
0.0014,0.0,1.00050936,-0.249998306,1.000002144
0.00145,0.0,1.00050936,-0.2499982887,1.000002144
0.0015,0.0,1.00050936,-0.2499982729,1.000002144
0.00155,0.0,1.00050936,-0.2499982588,1.000002144
0.0016,0.0,1.00050936,-0.2499982462,1.000002144
0.00165,0.0,1.00050936,-0.2499982354,1.000002144
0.0017,0.0,1.00050936,-0.2499982262,1.000002144
0.00175,0.0,1.00050936,-0.2499982186,1.000002144
0.0018,0.0,1.00050936,-0.2499982128,1.000002144
0.00185,0.0,1.00050936,-0.2499982087,1.000002144
0.0019,0.0,1.00050936,-0.2499982064,1.000002144
0.00195,0.0,1.00050936,-0.2499982058,1.000002144
0.002,0.0,1.00050936,-0.2499982069,1.000002144
0.00205,0.0,1.000509359,-0.2499982099,1.000002144
0.0021,0.0,1.000509359,-0.2499982146,1.000002144
0.00215,0.0,1.000509359,-0.2499982212,1.000002144
0.0022,0.0,1.000509359,-0.2499982295,1.000002144
0.00225,0.0,1.000509359,-0.2499982397,1.000002144
0.0023,0.0,1.000509359,-0.2499982518,1.000002144
0.00235,0.0,1.000509359,-0.2499982656,1.000002144
0.0024,0.0,1.000509359,-0.2499982813,1.000002144
0.00245,0.0,1.000509359,-0.2499982989,1.000002144
0.0025,0.0,1.000509359,-0.2499983182,1.000002143
0.00255,0.0,1.000509359,-0.2499983394,1.000002143
0.0026,0.0,1.000509359,-0.2499983625,1.000002143
0.00265,0.0,1.000509359,-0.2499983874,1.000002143
0.0027,0.0,1.000509359,-0.2499984141,1.000002143
0.00275,0.0,1.000509359,-0.2499984426,1.000002143
0.0028,0.0,1.000509359,-0.2499984729,1.000002143
0.00285,0.0,1.000509359,-0.2499985049,1.000002143
0.0029,0.0,1.000509359,-0.2499985388,1.000002143
0.00295,0.0,1.000509359,-0.2499985744,1.000002143
0.003,0.0,1.000509359,-0.2499986117,1.000002143
0.00305,0.0,1.000509359,-0.2499986507,1.000002143
0.0031,0.0,1.000509359,-0.2499986913,1.000002143
0.00315,0.0,1.000509359,-0.2499987336,1.000002143
0.0032,0.0,1.000509359,-0.2499987775,1.000002143
0.00325,0.0,1.000509359,-0.249998823,1.000002143
0.0033,0.0,1.000509359,-0.24999887,1.000002143
0.00335,0.0,1.000509359,-0.2499989186,1.000002143
0.0034,0.0,1.000509359,-0.2499989685,1.000002143
0.00345,0.0,1.000509359,-0.2499990199,1.000002143
0.0035,0.0,1.000509358,-0.2499990726,1.000002143
0.00355,0.0,1.000509358,-0.2499991267,1.000002143
0.0036,0.0,1.000509358,-0.249999182,1.000002143
0.00365,0.0,1.000509358,-0.2499992384,1.000002143
0.0037,0.0,1.000509358,-0.2499992961,1.000002143
0.00375,0.0,1.000509358,-0.2499993548,1.000002143
0.0038,0.0,1.000509358,-0.2499994145,1.000002143
0.00385,0.0,1.000509358,-0.2499994752,1.000002143
0.0039,0.0,1.000509358,-0.2499995368,1.000002143
0.00395,0.0,1.000509358,-0.2499995992,1.000002143
0.004,0.0,1.000509358,-0.2499996623,1.000002143
0.00405,0.0,1.000509358,-0.2499997261,1.000002143
0.0041,0.0,1.000509358,-0.2499997905,1.000002143
0.00415,0.0,1.000509358,-0.2499998555,1.000002143
0.0042,0.0,1.000509358,-0.2499999208,1.000002143
0.00425,0.0,1.000509358,-0.2499999865,1.000002143
0.0043,0.0,1.000509358,-0.2500000526,1.000002143
0.00435,0.0,1.000509358,-0.2500001188,1.000002143
0.0044,0.0,1.000509358,-0.2500001851,1.000002143
0.00445,0.0,1.000509358,-0.2500002514,1.000002143
0.0045,0.0,1.000509358,-0.2500003177,1.000002143
0.00455,0.0,1.000509358,-0.2500003839,1.000002143
0.0046,0.0,1.000509358,-0.2500004498,1.000002143
0.00465,0.0,1.000509358,-0.2500005154,1.000002143
0.0047,0.0,1.000509358,-0.2500005806,1.000002143
0.00475,0.0,1.000509358,-0.2500006453,1.000002143
0.0048,0.0,1.000509358,-0.2500007095,1.000002143
0.00485,0.0,1.000509358,-0.250000773,1.000002143
0.0049,0.0,1.000509358,-0.2500008358,1.000002143
0.00495,0.0,1.000509358,-0.2500008977,1.000002143
0.005,0.0,1.000509358,-0.2500009588,1.000002143
0.00505,0.0,1.000509358,-0.2500010188,1.000002143
0.0051,0.0,1.000509358,-0.2500010779,1.000002143
0.00515,0.0,1.000509358,-0.2500011357,1.000002143
0.0052,0.0,1.000509358,-0.2500011924,1.000002143
0.00525,0.0,1.000509358,-0.2500012478,1.000002143
0.0053,0.0,1.000509358,-0.2500013019,1.000002143
0.00535,0.0,1.000509358,-0.2500013545,1.000002143
0.0054,0.0,1.000509358,-0.2500014057,1.000002143
0.00545,0.0,1.000509358,-0.2500014553,1.000002143
0.0055,0.0,1.000509358,-0.2500015033,1.000002143
0.00555,0.0,1.000509358,-0.2500015497,1.000002143
0.0056,0.0,1.000509358,-0.2500015943,1.000002143
0.00565,0.0,1.000509358,-0.2500016371,1.000002143
0.0057,0.0,1.000509358,-0.2500016782,1.000002143
0.00575,0.0,1.000509358,-0.2500017174,1.000002143
0.0058,0.0,1.000509358,-0.2500017547,1.000002143
0.00585,0.0,1.000509358,-0.25000179,1.000002143
0.0059,0.0,1.000509358,-0.2500018234,1.000002143
0.00595,0.0,1.000509358,-0.2500018547,1.000002143
0.006,0.0,1.000509359,-0.250001884,1.000002143
0.00605,0.0,1.000509359,-0.2500019113,1.000002143
0.0061,0.0,1.000509359,-0.2500019365,1.000002143
0.00615,0.0,1.000509359,-0.2500019596,1.000002143
0.0062,0.0,1.000509359,-0.2500019805,1.000002143
0.00625,0.0,1.000509359,-0.2500019993,1.000002143
0.0063,0.0,1.000509359,-0.250002016,1.000002143
0.00635,0.0,1.000509359,-0.2500020306,1.000002143
0.0064,0.0,1.000509359,-0.250002043,1.000002143
0.00645,0.0,1.000509359,-0.2500020532,1.000002143
0.0065,0.0,1.000509359,-0.2500020613,1.000002143
0.00655,0.0,1.000509359,-0.2500020673,1.000002143
0.0066,0.0,1.000509359,-0.2500020712,1.000002143
0.00665,0.0,1.000509359,-0.2500020729,1.000002143
0.0067,0.0,1.000509359,-0.2500020726,1.000002143
0.00675,0.0,1.000509359,-0.2500020701,1.000002143
0.0068,0.0,1.000509359,-0.2500020656,1.000002143
0.00685,0.0,1.000509359,-0.2500020591,1.000002143
0.0069,0.0,1.000509359,-0.2500020505,1.000002143
0.00695,0.0,1.000509359,-0.25000204,1.000002143
0.007,0.0,1.000509359,-0.2500020275,1.000002143
0.00705,0.0,1.000509359,-0.2500020131,1.000002143
0.0071,0.0,1.000509359,-0.2500019968,1.000002143
0.00715,0.0,1.000509359,-0.2500019786,1.000002144
0.0072,0.0,1.000509359,-0.2500019585,1.000002144
0.00725,0.0,1.000509359,-0.2500019367,1.000002144
0.0073,0.0,1.000509359,-0.2500019131,1.000002144
0.00735,0.0,1.000509359,-0.2500018878,1.000002144
0.0074,0.0,1.000509359,-0.2500018609,1.000002144
0.00745,0.0,1.000509359,-0.2500018323,1.000002144
0.0075,0.0,1.000509359,-0.2500018021,1.000002144
0.00755,0.0,1.000509359,-0.2500017704,1.000002144
0.0076,0.0,1.000509359,-0.2500017372,1.000002144
0.00765,0.0,1.000509359,-0.2500017025,1.000002144
0.0077,0.0,1.000509359,-0.2500016665,1.000002144
0.00775,0.0,1.000509359,-0.250001629,1.000002144
0.0078,0.0,1.000509359,-0.2500015903,1.000002144
0.00785,0.0,1.000509359,-0.2500015503,1.000002144
0.0079,0.0,1.000509359,-0.2500015091,1.000002144
0.00795,0.0,1.000509359,-0.2500014667,1.000002144
0.008,0.0,1.000509359,-0.2500014233,1.000002144
0.00805,0.0,1.000509359,-0.2500013787,1.000002144
0.0081,0.0,1.000509359,-0.2500013331,1.000002144
0.00815,0.0,1.000509359,-0.2500012866,1.000002144
0.0082,0.0,1.000509359,-0.2500012391,1.000002144
0.00825,0.0,1.00050936,-0.2500011908,1.000002144
0.0083,0.0,1.00050936,-0.2500011417,1.000002144
0.00835,0.0,1.00050936,-0.2500010918,1.000002144
0.0084,0.0,1.00050936,-0.2500010411,1.000002144
0.00845,0.0,1.00050936,-0.2500009898,1.000002144
0.0085,0.0,1.00050936,-0.2500009379,1.000002144
0.00855,0.0,1.00050936,-0.2500008853,1.000002144
0.0086,0.0,1.00050936,-0.2500008323,1.000002144
0.00865,0.0,1.00050936,-0.2500007787,1.000002144
0.0087,0.0,1.00050936,-0.2500007248,1.000002144
0.00875,0.0,1.00050936,-0.2500006704,1.000002144
0.0088,0.0,1.00050936,-0.2500006157,1.000002144
0.00885,0.0,1.00050936,-0.2500005607,1.000002144
0.0089,0.0,1.00050936,-0.2500005054,1.000002144
0.00895,0.0,1.00050936,-0.2500004499,1.000002144
0.009,0.0,1.00050936,-0.2500003943,1.000002144
0.00905,0.0,1.00050936,-0.2500003385,1.000002144
0.0091,0.0,1.00050936,-0.2500002827,1.000002144
0.00915,0.0,1.00050936,-0.2500002268,1.000002144
0.0092,0.0,1.00050936,-0.250000171,1.000002144
0.00925,0.0,1.00050936,-0.2500001151,1.000002144
0.0093,0.0,1.00050936,-0.2500000594,1.000002144
0.00935,0.0,1.00050936,-0.2500000038,1.000002144
0.0094,0.0,1.00050936,-0.2499999484,1.000002144
0.00945,0.0,1.00050936,-0.2499998932,1.000002144
0.0095,0.0,1.00050936,-0.2499998382,1.000002144
0.00955,0.0,1.000509359,-0.2499997835,1.000002144
0.0096,0.0,1.000509359,-0.2499997292,1.000002144
0.00965,0.0,1.000509359,-0.2499996752,1.000002144
0.0097,0.0,1.000509359,-0.2499996217,1.000002144
0.00975,0.0,1.000509359,-0.2499995686,1.000002144
0.0098,0.0,1.000509359,-0.249999516,1.000002144
0.00985,0.0,1.000509359,-0.2499994639,1.000002144
0.0099,0.0,1.000509359,-0.2499994123,1.000002144
0.00995,0.0,1.000509359,-0.2499993614,1.000002144
0.01,0.0,1.000509359,-0.2499993111,1.000002144
0.01005,0.0,1.000509359,-0.2499992615,1.000002144
0.0101,0.0,1.000509359,-0.2499992299,1.000002144
0.01015,0.0,1.000509359,-0.2499996725,1.000002144
0.0102,0.0,1.000509359,-0.2500014668,1.000002144
0.01025,0.0,1.000509359,-0.2500050413,1.000002144
0.0103,0.0,1.000509359,-0.2500103721,1.000002144
0.01035,0.0,1.00050936,-0.2500174358,1.000002144
0.0104,0.0,1.00050936,-0.2500262084,1.000002145
0.01045,0.0,1.00050936,-0.250036666,1.000002145
0.0105,0.0,1.000509361,-0.2500487844,1.000002146
0.01055,0.0,1.000509362,-0.250062539,1.000002147
0.0106,0.0,1.000509363,-0.2500779051,1.000002148
0.01065,0.0,1.000509364,-0.2500948578,1.00000215
0.0107,0.0,1.000509366,-0.2501133718,1.000002152
0.01075,0.0,1.000509367,-0.2501334217,1.000002154
0.0108,0.0,1.00050937,-0.2501549819,1.000002157
0.01085,0.0,1.000509372,-0.2501780265,1.00000216
0.0109,0.0,1.000509375,-0.2502025296,1.000002163
0.01095,0.0,1.000509379,-0.2502284648,1.000002167
0.011,0.0,1.000509382,-0.2502558058,1.000002171
0.01105,0.0,1.000509387,-0.2502845259,1.000002176
0.0111,0.0,1.000509391,-0.2503145984,1.000002181
0.01115,0.0,1.000509397,-0.2503459963,1.000002187
0.0112,0.0,1.000509402,-0.2503786924,1.000002193
0.01125,0.0,1.000509409,-0.2504126595,1.0000022
0.0113,0.0,1.000509416,-0.2504478701,1.000002207
0.01135,0.0,1.000509423,-0.2504842967,1.000002215
0.0114,0.0,1.000509431,-0.2505219115,1.000002224
0.01145,0.0,1.00050944,-0.2505606867,1.000002233
0.0115,0.0,1.000509449,-0.2506005943,1.000002243
0.01155,0.0,1.000509459,-0.2506416061,1.000002254
0.0116,0.0,1.00050947,-0.2506836941,1.000002265
0.01165,0.0,1.000509481,-0.2507268298,1.000002278
0.0117,0.0,1.000509493,-0.2507709848,1.00000229
0.01175,0.0,1.000509506,-0.2508161306,1.000002304
0.0118,0.0,1.00050952,-0.2508622385,1.000002318
0.01185,0.0,1.000509534,-0.2509092799,1.000002334
0.0119,0.0,1.000509549,-0.2509572261,1.000002349
0.01195,0.0,1.000509565,-0.251006048,1.000002366
0.012,0.0,1.000509582,-0.251055717,1.000002384
0.01205,0.0,1.0005096,-0.2511062039,1.000002402
0.0121,0.0,1.000509618,-0.2511574799,1.000002422
0.01215,0.0,1.000509637,-0.2512095158,1.000002442
0.0122,0.0,1.000509657,-0.2512622825,1.000002463
0.01225,0.0,1.000509678,-0.2513157509,1.000002485
0.0123,0.0,1.0005097,-0.251369892,1.000002507
0.01235,0.0,1.000509723,-0.2514246764,1.000002531
0.0124,0.0,1.000509747,-0.2514800751,1.000002556
0.01245,0.0,1.000509772,-0.2515360589,1.000002581
0.0125,0.0,1.000509797,-0.2515925986,1.000002608
0.01255,0.0,1.000509824,-0.251649665,1.000002635
0.0126,0.0,1.000509851,-0.251707229,1.000002664
0.01265,0.0,1.00050988,-0.2517652614,1.000002693
0.0127,0.0,1.000509909,-0.2518237331,1.000002724
0.01275,0.0,1.00050994,-0.2518826152,1.000002755
0.0128,0.0,1.000509971,-0.2519418784,1.000002787
0.01285,0.0,1.000510003,-0.252001494,1.000002821
0.0129,0.0,1.000510037,-0.2520614328,1.000002855
0.01295,0.0,1.000510071,-0.2521216661,1.00000289
0.013,0.0,1.000510106,-0.252182165,1.000002927
0.01305,0.0,1.000510143,-0.2522429009,1.000002964
0.0131,0.0,1.00051018,-0.252303845,1.000003003
0.01315,0.0,1.000510219,-0.2523649689,1.000003042
0.0132,0.0,1.000510258,-0.2524262439,1.000003082
0.01325,0.0,1.000510298,-0.2524876417,1.000003124
0.0133,0.0,1.00051034,-0.2525491341,1.000003166
0.01335,0.0,1.000510382,-0.2526106929,1.00000321
0.0134,0.0,1.000510426,-0.25267229,1.000003254
0.01345,0.0,1.00051047,-0.2527338975,1.0000033
0.0135,0.0,1.000510516,-0.2527954876,1.000003346
0.01355,0.0,1.000510563,-0.2528570325,1.000003394
0.0136,0.0,1.00051061,-0.2529185049,1.000003443
0.01365,0.0,1.000510659,-0.2529798772,1.000003492
0.0137,0.0,1.000510709,-0.2530411223,1.000003543
0.01375,0.0,1.000510759,-0.253102213,1.000003595
0.0138,0.0,1.000510811,-0.2531631225,1.000003647
0.01385,0.0,1.000510864,-0.253223824,1.000003701
0.0139,0.0,1.000510918,-0.2532842909,1.000003756
0.01395,0.0,1.000510972,-0.2533444969,1.000003812
0.014,0.0,1.000511028,-0.2534044156,1.000003868
0.01405,0.0,1.000511085,-0.2534640212,1.000003926
0.0141,0.0,1.000511143,-0.2535232878,1.000003985
0.01415,0.0,1.000511201,-0.2535821898,1.000004044
0.0142,0.0,1.000511261,-0.2536407017,1.000004105
0.01425,0.0,1.000511322,-0.2536987985,1.000004167
0.0143,0.0,1.000511383,-0.253756455,1.000004229
0.01435,0.0,1.000511446,-0.2538136466,1.000004293
0.0144,0.0,1.00051151,-0.2538703487,1.000004357
0.01445,0.0,1.000511574,-0.2539265371,1.000004423
0.0145,0.0,1.000511639,-0.2539821877,1.000004489
0.01455,0.0,1.000511706,-0.2540372767,1.000004556
0.0146,0.0,1.000511773,-0.2540917806,1.000004625
0.01465,0.0,1.000511841,-0.254145676,1.000004694
0.0147,0.0,1.000511911,-0.2541989401,1.000004764
0.01475,0.0,1.000511981,-0.2542515498,1.000004834
0.0148,0.0,1.000512051,-0.2543034829,1.000004906
0.01485,0.0,1.000512123,-0.2543547171,1.000004979
0.0149,0.0,1.000512196,-0.2544052304,1.000005052
0.01495,0.0,1.000512269,-0.2544550011,1.000005126
0.015,0.0,1.000512343,-0.254504008,1.000005201
0.01505,0.0,1.000512418,-0.2545522299,1.000005277
0.0151,0.0,1.000512494,-0.2545996461,1.000005354
0.01515,0.0,1.000512571,-0.2546462361,1.000005431
0.0152,0.0,1.000512649,-0.2546919797,1.000005509
0.01525,0.0,1.000512727,-0.2547368571,1.000005588
0.0153,0.0,1.000512806,-0.2547808487,1.000005668
0.01535,0.0,1.000512885,-0.2548239353,1.000005748
0.0154,0.0,1.000512966,-0.254866098,1.000005829
0.01545,0.0,1.000513047,-0.2549073182,1.000005911
0.0155,0.0,1.000513129,-0.2549475777,1.000005994
0.01555,0.0,1.000513211,-0.2549868586,1.000006077
0.0156,0.0,1.000513294,-0.2550251433,1.00000616
0.01565,0.0,1.000513378,-0.2550624146,1.000006245
0.0157,0.0,1.000513463,-0.2550986555,1.00000633
0.01575,0.0,1.000513548,-0.2551338496,1.000006415
0.0158,0.0,1.000513633,-0.2551679805,1.000006501
0.01585,0.0,1.000513719,-0.2552010326,1.000006588
0.0159,0.0,1.000513806,-0.2552329903,1.000006675
0.01595,0.0,1.000513893,-0.2552638384,1.000006763
0.016,0.0,1.000513981,-0.2552935622,1.000006851
0.01605,0.0,1.000514069,-0.2553221474,1.00000694
0.0161,0.0,1.000514158,-0.2553495797,1.000007029
0.01615,0.0,1.000514247,-0.2553758457,1.000007119
0.0162,0.0,1.000514337,-0.255400932,1.000007209
0.01625,0.0,1.000514427,-0.2554248257,1.000007299
0.0163,0.0,1.000514517,-0.2554475142,1.00000739
0.01635,0.0,1.000514608,-0.2554689853,1.000007481
0.0164,0.0,1.000514699,-0.2554892273,1.000007572
0.01645,0.0,1.000514791,-0.2555082288,1.000007664
0.0165,0.0,1.000514882,-0.2555259786,1.000007756
0.01655,0.0,1.000514975,-0.2555424663,1.000007848
0.0166,0.0,1.000515067,-0.2555576815,1.000007941
0.01665,0.0,1.00051516,-0.2555716143,1.000008034
0.0167,0.0,1.000515252,-0.2555842554,1.000008127
0.01675,0.0,1.000515346,-0.2555955955,1.00000822
0.0168,0.0,1.000515439,-0.255605626,1.000008314
0.01685,0.0,1.000515532,-0.2556143385,1.000008407
0.0169,0.0,1.000515626,-0.2556217252,1.000008501
0.01695,0.0,1.00051572,-0.2556277786,1.000008594
0.017,0.0,1.000515813,-0.2556324915,1.000008688
0.01705,0.0,1.000515907,-0.2556358571,1.000008782
0.0171,0.0,1.000516001,-0.2556378692,1.000008876
0.01715,0.0,1.000516095,-0.2556385218,1.00000897
0.0172,0.0,1.000516189,-0.2556378094,1.000009064
0.01725,0.0,1.000516283,-0.2556357268,1.000009158
0.0173,0.0,1.000516377,-0.2556322693,1.000009252
0.01735,0.0,1.000516471,-0.2556274325,1.000009345
0.0174,0.0,1.000516565,-0.2556212125,1.000009439
0.01745,0.0,1.000516658,-0.2556136058,1.000009533
0.0175,0.0,1.000516752,-0.255604609,1.000009626
0.01755,0.0,1.000516845,-0.2555942196,1.000009719
0.0176,0.0,1.000516939,-0.2555824351,1.000009812
0.01765,0.0,1.000517032,-0.2555692535,1.000009905
0.0177,0.0,1.000517125,-0.2555546734,1.000009998
0.01775,0.0,1.000517217,-0.2555386934,1.00001009
0.0178,0.0,1.000517309,-0.2555213128,1.000010182
0.01785,0.0,1.000517401,-0.2555025313,1.000010273
0.0179,0.0,1.000517493,-0.2554823487,1.000010365
0.01795,0.0,1.000517585,-0.2554607656,1.000010456
0.018,0.0,1.000517676,-0.2554377826,1.000010546
0.01805,0.0,1.000517766,-0.2554134009,1.000010636
0.0181,0.0,1.000517856,-0.2553876222,1.000010726
0.01815,0.0,1.000517946,-0.2553604482,1.000010816
0.0182,0.0,1.000518036,-0.2553318814,1.000010904
0.01825,0.0,1.000518124,-0.2553019245,1.000010993
0.0183,0.0,1.000518213,-0.2552705804,1.00001108
0.01835,0.0,1.000518301,-0.2552378528,1.000011168
0.0184,0.0,1.000518388,-0.2552037454,1.000011254
0.01845,0.0,1.000518475,-0.2551682625,1.000011341
0.0185,0.0,1.000518561,-0.2551314086,1.000011426
0.01855,0.0,1.000518646,-0.2550931887,1.000011511
0.0186,0.0,1.000518731,-0.2550536081,1.000011595
0.01865,0.0,1.000518815,-0.2550126726,1.000011678
0.0187,0.0,1.000518899,-0.2549703882,1.000011761
0.01875,0.0,1.000518982,-0.2549267612,1.000011843
0.0188,0.0,1.000519064,-0.2548817987,1.000011925
0.01885,0.0,1.000519145,-0.2548355075,1.000012005
0.0189,0.0,1.000519226,-0.2547878953,1.000012085
0.01895,0.0,1.000519306,-0.2547389699,1.000012164
0.019,0.0,1.000519385,-0.2546887395,1.000012242
0.01905,0.0,1.000519463,-0.2546372126,1.000012319
0.0191,0.0,1.00051954,-0.2545843982,1.000012396
0.01915,0.0,1.000519616,-0.2545303054,1.000012471
0.0192,0.0,1.000519692,-0.2544749439,1.000012546
0.01925,0.0,1.000519766,-0.2544183234,1.000012619
0.0193,0.0,1.00051984,-0.2543604544,1.000012692
0.01935,0.0,1.000519913,-0.2543013472,1.000012763
0.0194,0.0,1.000519984,-0.2542410128,1.000012834
0.01945,0.0,1.000520055,-0.2541794624,1.000012904
0.0195,0.0,1.000520125,-0.2541167075,1.000012972
0.01955,0.0,1.000520193,-0.25405276,1.00001304
0.0196,0.0,1.000520261,-0.2539876319,1.000013106
0.01965,0.0,1.000520327,-0.2539213358,1.000013171
0.0197,0.0,1.000520393,-0.2538538843,1.000013236
0.01975,0.0,1.000520457,-0.2537852906,1.000013299
0.0198,0.0,1.00052052,-0.2537155679,1.00001336
0.01985,0.0,1.000520582,-0.2536447299,1.000013421
0.0199,0.0,1.000520642,-0.2535727906,1.000013481
0.01995,0.0,1.000520702,-0.2534997641,1.000013539
0.02,0.0,1.00052076,-0.2534256649,1.000013596
0.02005,0.0,1.000520817,-0.2533505078,1.000013652
0.0201,0.0,1.000520873,-0.2532743077,1.000013706
0.02015,0.0,1.000520928,-0.25319708,1.000013759
0.0202,0.0,1.000520981,-0.2531188402,1.000013811
0.02025,0.0,1.000521033,-0.2530396041,1.000013862
0.0203,0.0,1.000521084,-0.2529593878,1.000013911
0.02035,0.0,1.000521133,-0.2528782076,1.000013959
0.0204,0.0,1.000521181,-0.2527960799,1.000014006
0.02045,0.0,1.000521227,-0.2527130217,1.000014051
0.0205,0.0,1.000521273,-0.2526290499,1.000014095
0.02055,0.0,1.000521316,-0.2525441817,1.000014137
0.0206,0.0,1.000521359,-0.2524584347,1.000014178
0.02065,0.0,1.0005214,-0.2523718264,1.000014217
0.0207,0.0,1.000521439,-0.2522843749,1.000014255
0.02075,0.0,1.000521477,-0.2521960981,1.000014292
0.0208,0.0,1.000521514,-0.2521070145,1.000014327
0.02085,0.0,1.000521549,-0.2520171424,1.000014361
0.0209,0.0,1.000521582,-0.2519265007,1.000014393
0.02095,0.0,1.000521614,-0.2518351082,1.000014423
0.021,0.0,1.000521645,-0.2517429839,1.000014452
0.02105,0.0,1.000521674,-0.2516501472,1.00001448
0.0211,0.0,1.000521701,-0.2515566174,1.000014505
0.02115,0.0,1.000521727,-0.2514624141,1.00001453
0.0212,0.0,1.000521752,-0.2513675571,1.000014552
0.02125,0.0,1.000521774,-0.2512720663,1.000014574
0.0213,0.0,1.000521796,-0.2511759618,1.000014593
0.02135,0.0,1.000521815,-0.2510792636,1.000014611
0.0214,0.0,1.000521833,-0.2509819923,1.000014627
0.02145,0.0,1.000521849,-0.2508841681,1.000014642
0.0215,0.0,1.000521864,-0.2507858119,1.000014655
0.02155,0.0,1.000521877,-0.2506869442,1.000014667
0.0216,0.0,1.000521888,-0.250587586,1.000014676
0.02165,0.0,1.000521898,-0.2504877582,1.000014684
0.0217,0.0,1.000521906,-0.2503874819,1.000014691
0.02175,0.0,1.000521913,-0.2502867782,1.000014695
0.0218,0.0,1.000521917,-0.2501856684,1.000014698
0.02185,0.0,1.00052192,-0.2500841738,1.0000147
0.0219,0.0,1.000521922,-0.249982316,1.000014699
0.02195,0.0,1.000521921,-0.2498801163,1.000014697
0.022,0.0,1.000521919,-0.2497775965,1.000014694
0.02205,0.0,1.000521916,-0.2496747782,1.000014688
0.0221,0.0,1.00052191,-0.249571683,1.000014681
0.02215,0.0,1.000521903,-0.2494683328,1.000014672
0.0222,0.0,1.000521894,-0.2493647495,1.000014661
0.02225,0.0,1.000521883,-0.2492609548,1.000014649
0.0223,0.0,1.000521871,-0.2491569707,1.000014635
0.02235,0.0,1.000521857,-0.2490528192,1.000014619
0.0224,0.0,1.000521841,-0.2489485222,1.000014601
0.02245,0.0,1.000521823,-0.2488441018,1.000014582
0.0225,0.0,1.000521804,-0.2487395798,1.000014561
0.02255,0.0,1.000521783,-0.2486349785,1.000014538
0.0226,0.0,1.00052176,-0.2485303198,1.000014514
0.02265,0.0,1.000521736,-0.2484256258,1.000014487
0.0227,0.0,1.000521709,-0.2483209184,1.000014459
0.02275,0.0,1.000521681,-0.2482162197,1.00001443
0.0228,0.0,1.000521651,-0.2481115518,1.000014398
0.02285,0.0,1.00052162,-0.2480069365,1.000014365
0.0229,0.0,1.000521587,-0.2479023959,1.00001433
0.02295,0.0,1.000521551,-0.2477979518,1.000014293
0.023,0.0,1.000521515,-0.2476936262,1.000014254
0.02305,0.0,1.000521476,-0.2475894408,1.000014214
0.0231,0.0,1.000521436,-0.2474854175,1.000014172
0.02315,0.0,1.000521394,-0.2473815781,1.000014129
0.0232,0.0,1.00052135,-0.247277944,1.000014083
0.02325,0.0,1.000521305,-0.2471745371,1.000014036
0.0233,0.0,1.000521258,-0.2470713788,1.000013987
0.02335,0.0,1.000521209,-0.2469684905,1.000013937
0.0234,0.0,1.000521158,-0.2468658937,1.000013884
0.02345,0.0,1.000521106,-0.2467636097,1.00001383
0.0235,0.0,1.000521052,-0.2466616595,1.000013775
0.02355,0.0,1.000520996,-0.2465600645,1.000013717
0.0236,0.0,1.000520939,-0.2464588454,1.000013658
0.02365,0.0,1.00052088,-0.2463580233,1.000013597
0.0237,0.0,1.000520819,-0.2462576189,1.000013535
0.02375,0.0,1.000520756,-0.2461576529,1.000013471
0.0238,0.0,1.000520692,-0.2460581458,1.000013405
0.02385,0.0,1.000520626,-0.2459591181,1.000013338
0.0239,0.0,1.000520559,-0.2458605899,1.000013269
0.02395,0.0,1.00052049,-0.2457625815,1.000013198
0.024,0.0,1.000520419,-0.2456651129,1.000013126
0.02405,0.0,1.000520347,-0.2455682039,1.000013052
0.0241,0.0,1.000520273,-0.2454718742,1.000012976
0.02415,0.0,1.000520197,-0.2453761434,1.000012899
0.0242,0.0,1.00052012,-0.2452810309,1.00001282
0.02425,0.0,1.000520041,-0.2451865559,1.00001274
0.0243,0.0,1.000519961,-0.2450927375,1.000012658
0.02435,0.0,1.000519879,-0.2449995946,1.000012575
0.0244,0.0,1.000519796,-0.2449071458,1.00001249
0.02445,0.0,1.000519711,-0.2448154097,1.000012403
0.0245,0.0,1.000519624,-0.2447244047,1.000012315
0.02455,0.0,1.000519536,-0.2446341489,1.000012226
0.0246,0.0,1.000519447,-0.2445446602,1.000012135
0.02465,0.0,1.000519356,-0.2444559565,1.000012043
0.0247,0.0,1.000519263,-0.2443680553,1.000011949
0.02475,0.0,1.000519169,-0.2442809739,1.000011853
0.0248,0.0,1.000519074,-0.2441947296,1.000011756
0.02485,0.0,1.000518977,-0.2441093392,1.000011658
0.0249,0.0,1.000518879,-0.2440248195,1.000011559
0.02495,0.0,1.000518779,-0.2439411869,1.000011458
0.025,0.0,1.000518678,-0.2438584579,1.000011355
0.02505,0.0,1.000518575,-0.2437766483,1.000011251
0.0251,0.0,1.000518472,-0.243695774,1.000011146
0.02515,0.0,1.000518366,-0.2436158507,1.00001104
0.0252,0.0,1.00051826,-0.2435368937,1.000010932
0.02525,0.0,1.000518152,-0.243458918,1.000010823
0.0253,0.0,1.000518043,-0.2433819386,1.000010713
0.02535,0.0,1.000517933,-0.2433059701,1.000010601
0.0254,0.0,1.000517821,-0.2432310268,1.000010488
0.02545,0.0,1.000517708,-0.2431571228,1.000010374
0.0255,0.0,1.000517594,-0.2430842721,1.000010259
0.02555,0.0,1.000517479,-0.2430124883,1.000010142
0.0256,0.0,1.000517362,-0.2429417845,1.000010025
0.02565,0.0,1.000517244,-0.2428721741,1.000009906
0.0257,0.0,1.000517125,-0.2428036697,1.000009786
0.02575,0.0,1.000517005,-0.2427362839,1.000009665
0.0258,0.0,1.000516884,-0.242670029,1.000009542
0.02585,0.0,1.000516762,-0.2426049169,1.000009419
0.0259,0.0,1.000516638,-0.2425409595,1.000009295
0.02595,0.0,1.000516514,-0.242478168,1.000009169
0.026,0.0,1.000516389,-0.2424165538,1.000009043
0.02605,0.0,1.000516262,-0.2423561275,1.000008916
0.0261,0.0,1.000516135,-0.2422969,1.000008787
0.02615,0.0,1.000516006,-0.2422388813,1.000008658
0.0262,0.0,1.000515877,-0.2421820816,1.000008527
0.02625,0.0,1.000515746,-0.2421265105,1.000008396
0.0263,0.0,1.000515615,-0.2420721775,1.000008264
0.02635,0.0,1.000515483,-0.2420190917,1.000008131
0.0264,0.0,1.00051535,-0.2419672619,1.000007997
0.02645,0.0,1.000515216,-0.2419166967,1.000007862
0.0265,0.0,1.000515081,-0.2418674041,1.000007727
0.02655,0.0,1.000514945,-0.2418193923,1.00000759
0.0266,0.0,1.000514809,-0.2417726687,1.000007453
0.02665,0.0,1.000514671,-0.2417272407,1.000007315
0.0267,0.0,1.000514533,-0.2416831153,1.000007177
0.02675,0.0,1.000514395,-0.2416402992,1.000007037
0.0268,0.0,1.000514255,-0.2415987987,1.000006897
0.02685,0.0,1.000514115,-0.2415586199,1.000006756
0.0269,0.0,1.000513974,-0.2415197686,1.000006615
0.02695,0.0,1.000513833,-0.2414822501,1.000006473
0.027,0.0,1.000513691,-0.2414460697,1.000006331
0.02705,0.0,1.000513548,-0.2414112321,1.000006187
0.0271,0.0,1.000513405,-0.2413777419,1.000006044
0.02715,0.0,1.000513261,-0.2413456031,1.000005899
0.0272,0.0,1.000513117,-0.2413148196,1.000005755
0.02725,0.0,1.000512972,-0.241285395,1.000005609
0.0273,0.0,1.000512827,-0.2412573325,1.000005464
0.02735,0.0,1.000512681,-0.241230635,1.000005317
0.0274,0.0,1.000512535,-0.2412053051,1.000005171
0.02745,0.0,1.000512388,-0.241181345,1.000005024
0.0275,0.0,1.000512241,-0.2411587567,1.000004876
0.02755,0.0,1.000512093,-0.2411375418,1.000004729
0.0276,0.0,1.000511946,-0.2411177015,1.000004581
0.02765,0.0,1.000511797,-0.241099237,1.000004432
0.0277,0.0,1.000511649,-0.2410821487,1.000004284
0.02775,0.0,1.0005115,-0.2410664371,1.000004135
0.0278,0.0,1.000511351,-0.2410521022,1.000003986
0.02785,0.0,1.000511202,-0.2410391437,1.000003836
0.0279,0.0,1.000511053,-0.2410275609,1.000003687
0.02795,0.0,1.000510903,-0.2410173529,1.000003537
0.028,0.0,1.000510753,-0.2410085186,1.000003387
0.02805,0.0,1.000510603,-0.2410010562,1.000003237
0.0281,0.0,1.000510453,-0.2409949639,1.000003087
0.02815,0.0,1.000510303,-0.2409902396,1.000002937
0.0282,0.0,1.000510153,-0.2409868806,1.000002787
0.02825,0.0,1.000510002,-0.2409848842,1.000002636
0.0283,0.0,1.000509852,-0.2409842473,1.000002486
0.02835,0.0,1.000509702,-0.2409849663,1.000002336
0.0284,0.0,1.000509551,-0.2409870375,1.000002186
0.02845,0.0,1.000509401,-0.2409904569,1.000002035
0.0285,0.0,1.000509251,-0.24099522,1.000001885
0.02855,0.0,1.000509101,-0.2410013223,1.000001735
0.0286,0.0,1.000508951,-0.2410087586,1.000001585
0.02865,0.0,1.000508801,-0.2410175238,1.000001436
0.0287,0.0,1.000508651,-0.2410276122,1.000001286
0.02875,0.0,1.000508501,-0.2410390179,1.000001137
0.0288,0.0,1.000508352,-0.2410517349,1.000000988
0.02885,0.0,1.000508203,-0.2410657564,1.000000839
0.0289,0.0,1.000508054,-0.241081076,1.00000069
0.02895,0.0,1.000507905,-0.2410976863,1.000000542
0.029,0.0,1.000507757,-0.2411155802,1.000000394
0.02905,0.0,1.000507608,-0.24113475,1.000000246
0.0291,0.0,1.000507461,-0.2411551876,1.000000098
0.02915,0.0,1.000507313,-0.2411768851,0.9999999514
0.0292,0.0,1.000507166,-0.2411998338,0.9999998048
0.02925,0.0,1.000507019,-0.241224025,0.9999996585
0.0293,0.0,1.000506873,-0.2412494496,0.9999995127
0.02935,0.0,1.000506727,-0.2412760984,0.9999993673
0.0294,0.0,1.000506581,-0.2413039618,0.9999992223
0.02945,0.0,1.000506436,-0.2413330299,0.9999990779
0.0295,0.0,1.000506292,-0.2413632927,0.9999989339
0.02955,0.0,1.000506148,-0.2413947397,0.9999987905
0.0296,0.0,1.000506004,-0.2414273604,0.9999986477
0.02965,0.0,1.000505861,-0.2414611438,0.9999985053
0.0297,0.0,1.000505719,-0.2414960788,0.9999983636
0.02975,0.0,1.000505577,-0.2415321541,0.9999982225
0.0298,0.0,1.000505436,-0.241569358,0.999998082
0.02985,0.0,1.000505296,-0.2416076786,0.9999979421
0.0299,0.0,1.000505156,-0.2416471038,0.9999978029
0.02995,0.0,1.000505016,-0.2416876213,0.9999976644
0.03,0.0,1.000504878,-0.2417292185,0.9999975266
0.03005,0.0,1.00050474,-0.2417718825,0.9999973894
0.0301,0.0,1.000504603,-0.2418156004,0.999997253
0.03015,0.0,1.000504466,-0.2418603589,0.9999971174
0.0302,0.0,1.00050433,-0.2419061445,0.9999969825
0.03025,0.0,1.000504195,-0.2419529434,0.9999968484
0.0303,0.0,1.000504061,-0.2420007418,0.9999967151
0.03035,0.0,1.000503928,-0.2420495256,0.9999965826
0.0304,0.0,1.000503795,-0.2420992804,0.9999964509
0.03045,0.0,1.000503664,-0.2421499917,0.9999963201
0.0305,0.0,1.000503533,-0.2422016448,0.9999961902
0.03055,0.0,1.000503403,-0.2422542247,0.9999960611
0.0306,0.0,1.000503274,-0.2423077164,0.9999959329
0.03065,0.0,1.000503145,-0.2423621046,0.9999958056
0.0307,0.0,1.000503018,-0.2424173737,0.9999956792
0.03075,0.0,1.000502892,-0.2424735082,0.9999955538
0.0308,0.0,1.000502766,-0.2425304921,0.9999954293
0.03085,0.0,1.000502642,-0.2425883096,0.9999953058
0.0309,0.0,1.000502518,-0.2426469443,0.9999951833
0.03095,0.0,1.000502395,-0.2427063801,0.9999950618
0.031,0.0,1.000502274,-0.2427666004,0.9999949412
0.03105,0.0,1.000502153,-0.2428275885,0.9999948217
0.0311,0.0,1.000502034,-0.2428893278,0.9999947032
0.03115,0.0,1.000501915,-0.2429518011,0.9999945858
0.0312,0.0,1.000501798,-0.2430149916,0.9999944694
0.03125,0.0,1.000501681,-0.2430788818,0.999994354
0.0313,0.0,1.000501566,-0.2431434546,0.9999942398
0.03135,0.0,1.000501451,-0.2432086924,0.9999941266
0.0314,0.0,1.000501338,-0.2432745777,0.9999940146
0.03145,0.0,1.000501226,-0.2433410926,0.9999939036
0.0315,0.0,1.000501115,-0.2434082195,0.9999937938
0.03155,0.0,1.000501005,-0.2434759402,0.9999936851
0.0316,0.0,1.000500896,-0.2435442369,0.9999935775
0.03165,0.0,1.000500789,-0.2436130912,0.9999934711
0.0317,0.0,1.000500682,-0.2436824851,0.9999933658
0.03175,0.0,1.000500577,-0.2437524,0.9999932617
0.0318,0.0,1.000500473,-0.2438228177,0.9999931588
0.03185,0.0,1.00050037,-0.2438937195,0.999993057
0.0319,0.0,1.000500268,-0.2439650869,0.9999929565
0.03195,0.0,1.000500167,-0.2440369012,0.9999928571
0.032,0.0,1.000500068,-0.2441091436,0.999992759
0.03205,0.0,1.00049997,-0.2441817954,0.999992662
0.0321,0.0,1.000499873,-0.2442548376,0.9999925663
0.03215,0.0,1.000499777,-0.2443282514,0.9999924718
0.0322,0.0,1.000499683,-0.2444020178,0.9999923786
0.03225,0.0,1.000499589,-0.2444761177,0.9999922865
0.0323,0.0,1.000499497,-0.244550532,0.9999921957
0.03235,0.0,1.000499406,-0.2446252417,0.9999921062
0.0324,0.0,1.000499317,-0.2447002276,0.9999920179
0.03245,0.0,1.000499228,-0.2447754705,0.9999919308
0.0325,0.0,1.000499141,-0.2448509513,0.9999918451
0.03255,0.0,1.000499055,-0.2449266506,0.9999917605
0.0326,0.0,1.000498971,-0.2450025493,0.9999916773
0.03265,0.0,1.000498888,-0.2450786281,0.9999915953
0.0327,0.0,1.000498806,-0.2451548677,0.9999915146
0.03275,0.0,1.000498725,-0.2452312489,0.9999914351
0.0328,0.0,1.000498645,-0.2453077525,0.999991357
0.03285,0.0,1.000498567,-0.2453843591,0.9999912801
0.0329,0.0,1.00049849,-0.2454610496,0.9999912045
0.03295,0.0,1.000498415,-0.2455378047,0.9999911301
0.033,0.0,1.00049834,-0.2456146052,0.9999910571
0.03305,0.0,1.000498267,-0.2456914319,0.9999909853
0.0331,0.0,1.000498195,-0.2457682657,0.9999909148
0.03315,0.0,1.000498125,-0.2458450875,0.9999908456
0.0332,0.0,1.000498055,-0.2459218781,0.9999907777
0.03325,0.0,1.000497988,-0.2459986186,0.999990711
0.0333,0.0,1.000497921,-0.2460752899,0.9999906456
0.03335,0.0,1.000497855,-0.2461518732,0.9999905815
0.0334,0.0,1.000497791,-0.2462283495,0.9999905187
0.03345,0.0,1.000497728,-0.2463047,0.9999904572
0.0335,0.0,1.000497667,-0.2463809059,0.9999903969
0.03355,0.0,1.000497607,-0.2464569486,0.9999903379
0.0336,0.0,1.000497548,-0.2465328095,0.9999902801
0.03365,0.0,1.00049749,-0.24660847,0.9999902237
0.0337,0.0,1.000497433,-0.2466839116,0.9999901684
0.03375,0.0,1.000497378,-0.2467591161,0.9999901145
0.0338,0.0,1.000497324,-0.246834065,0.9999900617
0.03385,0.0,1.000497271,-0.2469087403,0.9999900102
0.0339,0.0,1.00049722,-0.2469831239,0.99998996
0.03395,0.0,1.000497169,-0.2470571977,0.999989911
0.034,0.0,1.00049712,-0.247130944,0.9999898632
0.03405,0.0,1.000497073,-0.2472043448,0.9999898167
0.0341,0.0,1.000497026,-0.2472773827,0.9999897713
0.03415,0.0,1.000496981,-0.2473500401,0.9999897272
0.0342,0.0,1.000496937,-0.2474222996,0.9999896843
0.03425,0.0,1.000496894,-0.2474941439,0.9999896426
0.0343,0.0,1.000496852,-0.2475655559,0.999989602
0.03435,0.0,1.000496811,-0.2476365186,0.9999895627
0.0344,0.0,1.000496772,-0.2477070152,0.9999895245
0.03445,0.0,1.000496734,-0.2477770288,0.9999894875
0.0345,0.0,1.000496697,-0.247846543,0.9999894517
0.03455,0.0,1.000496661,-0.2479155414,0.999989417
0.0346,0.0,1.000496626,-0.2479840076,0.9999893834
0.03465,0.0,1.000496593,-0.2480519257,0.999989351
0.0347,0.0,1.00049656,-0.2481192796,0.9999893197
0.03475,0.0,1.000496529,-0.2481860536,0.9999892895
0.0348,0.0,1.000496499,-0.2482522322,0.9999892604
0.03485,0.0,1.000496469,-0.2483177998,0.9999892324
0.0349,0.0,1.000496441,-0.2483827414,0.9999892055
0.03495,0.0,1.000496415,-0.2484470417,0.9999891797
0.035,0.0,1.000496389,-0.2485106861,0.9999891549
0.03505,0.0,1.000496364,-0.2485736596,0.9999891312
0.0351,0.0,1.00049634,-0.248635948,0.9999891085
0.03515,0.0,1.000496317,-0.2486975369,0.9999890868
0.0352,0.0,1.000496296,-0.2487584122,0.9999890662
0.03525,0.0,1.000496275,-0.24881856,0.9999890465
0.0353,0.0,1.000496256,-0.2488779666,0.9999890279
0.03535,0.0,1.000496237,-0.2489366186,0.9999890102
0.0354,0.0,1.000496219,-0.2489945027,0.9999889935
0.03545,0.0,1.000496202,-0.2490516059,0.9999889777
0.0355,0.0,1.000496187,-0.2491079153,0.9999889629
0.03555,0.0,1.000496172,-0.2491634184,0.999988949
0.0356,0.0,1.000496158,-0.2492181027,0.999988936
0.03565,0.0,1.000496145,-0.249271956,0.9999889239
0.0357,0.0,1.000496133,-0.2493249666,0.9999889127
0.03575,0.0,1.000496122,-0.2493771225,0.9999889024
0.0358,0.0,1.000496111,-0.2494284125,0.9999888929
0.03585,0.0,1.000496102,-0.2494788252,0.9999888843
0.0359,0.0,1.000496093,-0.2495283497,0.9999888765
0.03595,0.0,1.000496085,-0.2495769752,0.9999888695
0.036,0.0,1.000496078,-0.2496246912,0.9999888633
0.03605,0.0,1.000496072,-0.2496714875,0.9999888578
0.0361,0.0,1.000496067,-0.249717354,0.9999888532
0.03615,0.0,1.000496062,-0.249762281,0.9999888492
0.0362,0.0,1.000496058,-0.249806259,0.9999888461
0.03625,0.0,1.000496055,-0.2498492786,0.9999888436
0.0363,0.0,1.000496052,-0.249891331,0.9999888418
0.03635,0.0,1.000496051,-0.2499324073,0.9999888408
0.0364,0.0,1.00049605,-0.2499724991,0.9999888403
0.03645,0.0,1.000496049,-0.250011598,0.9999888406
0.0365,0.0,1.000496049,-0.2500496963,0.9999888415
0.03655,0.0,1.00049605,-0.2500867861,0.9999888429
0.0366,0.0,1.000496052,-0.25012286,0.999988845
0.03665,0.0,1.000496054,-0.2501579108,0.9999888477
0.0367,0.0,1.000496057,-0.2501919317,0.999988851
0.03675,0.0,1.00049606,-0.2502249159,0.9999888548
0.0368,0.0,1.000496064,-0.2502568572,0.9999888591
0.03685,0.0,1.000496068,-0.2502877493,0.9999888639
0.0369,0.0,1.000496073,-0.2503175865,0.9999888693
0.03695,0.0,1.000496078,-0.2503463631,0.9999888751
0.037,0.0,1.000496084,-0.250374074,0.9999888814
0.03705,0.0,1.00049609,-0.2504007141,0.9999888881
0.0371,0.0,1.000496097,-0.2504262786,0.9999888952
0.03715,0.0,1.000496104,-0.2504507631,0.9999889028
0.0372,0.0,1.000496112,-0.2504741633,0.9999889108
0.03725,0.0,1.00049612,-0.2504964755,0.9999889191
0.0373,0.0,1.000496128,-0.2505176958,0.9999889277
0.03735,0.0,1.000496137,-0.250537821,0.9999889368
0.0374,0.0,1.000496146,-0.250556848,0.9999889461
0.03745,0.0,1.000496155,-0.2505747739,0.9999889557
0.0375,0.0,1.000496165,-0.2505915962,0.9999889656
0.03755,0.0,1.000496175,-0.2506073127,0.9999889758
0.0376,0.0,1.000496185,-0.2506219214,0.9999889862
0.03765,0.0,1.000496195,-0.2506354205,0.9999889968
0.0377,0.0,1.000496206,-0.2506478086,0.9999890077
0.03775,0.0,1.000496217,-0.2506590846,0.9999890187
0.0378,0.0,1.000496228,-0.2506692476,0.9999890299
0.03785,0.0,1.000496239,-0.250678297,0.9999890413
0.0379,0.0,1.00049625,-0.2506862324,0.9999890527
0.03795,0.0,1.000496262,-0.2506930539,0.9999890643
0.038,0.0,1.000496273,-0.2506987616,0.999989076
0.03805,0.0,1.000496285,-0.250703356,0.9999890878
0.0381,0.0,1.000496297,-0.2507068379,0.9999890996
0.03815,0.0,1.000496309,-0.2507092084,0.9999891115
0.0382,0.0,1.00049632,-0.2507104687,0.9999891234
0.03825,0.0,1.000496332,-0.2507106204,0.9999891353
0.0383,0.0,1.000496344,-0.2507096654,0.9999891471
0.03835,0.0,1.000496356,-0.2507076058,0.999989159
0.0384,0.0,1.000496368,-0.250704444,0.9999891708
0.03845,0.0,1.00049638,-0.2507001827,0.9999891825
0.0385,0.0,1.000496392,-0.2506948248,0.9999891941
0.03855,0.0,1.000496403,-0.2506883734,0.9999892056
0.0386,0.0,1.000496415,-0.250680832,0.999989217
0.03865,0.0,1.000496426,-0.2506722044,0.9999892283
0.0387,0.0,1.000496437,-0.2506624944,0.9999892393
0.03875,0.0,1.000496448,-0.2506517065,0.9999892502
0.0388,0.0,1.000496459,-0.2506398449,0.999989261
0.03885,0.0,1.00049647,-0.2506269145,0.9999892715
0.0389,0.0,1.000496481,-0.2506129203,0.9999892817
0.03895,0.0,1.000496491,-0.2505978676,0.9999892917
0.039,0.0,1.000496501,-0.2505817618,0.9999893015
0.03905,0.0,1.000496511,-0.2505646087,0.9999893109
0.0391,0.0,1.00049652,-0.2505464143,0.9999893201
0.03915,0.0,1.000496529,-0.2505271848,0.9999893289
0.0392,0.0,1.000496538,-0.2505069268,0.9999893374
0.03925,0.0,1.000496547,-0.2504856469,0.9999893455
0.0393,0.0,1.000496555,-0.2504633523,0.9999893533
0.03935,0.0,1.000496562,-0.25044005,0.9999893607
0.0394,0.0,1.00049657,-0.2504157475,0.9999893676
0.03945,0.0,1.000496577,-0.2503904525,0.9999893742
0.0395,0.0,1.000496583,-0.2503641729,0.9999893803
0.03955,0.0,1.000496589,-0.2503369168,0.999989386
0.0396,0.0,1.000496595,-0.2503086927,0.9999893912
0.03965,0.0,1.0004966,-0.2502795091,0.9999893959
0.0397,0.0,1.000496605,-0.2502493747,0.9999894001
0.03975,0.0,1.000496609,-0.2502182988,0.9999894037
0.0398,0.0,1.000496613,-0.2501862904,0.9999894069
0.03985,0.0,1.000496616,-0.2501533591,0.9999894095
0.0399,0.0,1.000496619,-0.2501195146,0.9999894115
0.03995,0.0,1.000496621,-0.2500847666,0.999989413
0.04,0.0,1.000496622,-0.2500491254,0.9999894139
0.04005,0.0,1.000496623,-0.2500126012,0.9999894141
0.0401,0.0,1.000496623,-0.2499752044,0.9999894137
0.04015,0.0,1.000496623,-0.2499369458,0.9999894127
0.0402,0.0,1.000496622,-0.2498978363,0.9999894111
0.04025,0.0,1.00049662,-0.2498578869,0.9999894087
0.0403,0.0,1.000496618,-0.2498171088,0.9999894057
0.04035,0.0,1.000496615,-0.2497755136,0.999989402
0.0404,0.0,1.000496611,-0.2497331129,0.9999893976
0.04045,0.0,1.000496607,-0.2496899184,0.9999893925
0.0405,0.0,1.000496602,-0.2496459422,0.9999893867
0.04055,0.0,1.000496596,-0.2496011963,0.9999893801
0.0406,0.0,1.000496589,-0.2495556931,0.9999893727
0.04065,0.0,1.000496582,-0.2495094452,0.9999893646
0.0407,0.0,1.000496574,-0.2494624651,0.9999893557
0.04075,0.0,1.000496565,-0.2494147657,0.9999893459
0.0408,0.0,1.000496555,-0.2493663599,0.9999893354
0.04085,0.0,1.000496545,-0.2493172608,0.9999893241
0.0409,0.0,1.000496533,-0.2492674818,0.9999893119
0.04095,0.0,1.000496521,-0.2492170362,0.9999892989
0.041,0.0,1.000496508,-0.2491659375,0.9999892851
0.04105,0.0,1.000496494,-0.2491141995,0.9999892703
0.0411,0.0,1.000496479,-0.249061836,0.9999892548
0.04115,0.0,1.000496464,-0.2490088609,0.9999892383
0.0412,0.0,1.000496447,-0.2489552884,0.9999892209
0.04125,0.0,1.00049643,-0.2489011326,0.9999892026
0.0413,0.0,1.000496412,-0.2488464078,0.9999891835
0.04135,0.0,1.000496392,-0.2487911285,0.9999891634
0.0414,0.0,1.000496372,-0.2487353093,0.9999891423
0.04145,0.0,1.000496351,-0.2486789648,0.9999891204
0.0415,0.0,1.000496329,-0.2486221097,0.9999890974
0.04155,0.0,1.000496306,-0.2485647591,0.9999890736
0.0416,0.0,1.000496283,-0.2485069277,0.9999890487
0.04165,0.0,1.000496258,-0.2484486307,0.9999890229
0.0417,0.0,1.000496232,-0.2483898832,0.9999889961
0.04175,0.0,1.000496205,-0.2483307004,0.9999889683
0.0418,0.0,1.000496177,-0.2482710977,0.9999889396
0.04185,0.0,1.000496148,-0.2482110904,0.9999889098
0.0419,0.0,1.000496119,-0.2481506941,0.999988879
0.04195,0.0,1.000496088,-0.2480899242,0.9999888472
0.042,0.0,1.000496056,-0.2480287963,0.9999888144
0.04205,0.0,1.000496023,-0.2479673261,0.9999887806
0.0421,0.0,1.000495989,-0.2479055294,0.9999887457
0.04215,0.0,1.000495955,-0.2478434218,0.9999887099
0.0422,0.0,1.000495919,-0.2477810193,0.9999886729
0.04225,0.0,1.000495882,-0.2477183376,0.9999886349
0.0423,0.0,1.000495844,-0.2476553927,0.9999885959
0.04235,0.0,1.000495805,-0.2475922006,0.9999885558
0.0424,0.0,1.000495765,-0.2475287772,0.9999885147
0.04245,0.0,1.000495723,-0.2474651385,0.9999884725
0.0425,0.0,1.000495681,-0.2474013006,0.9999884292
0.04255,0.0,1.000495638,-0.2473372795,0.9999883849
0.0426,0.0,1.000495594,-0.2472730913,0.9999883395
0.04265,0.0,1.000495548,-0.247208752,0.999988293
0.0427,0.0,1.000495502,-0.2471442779,0.9999882455
0.04275,0.0,1.000495454,-0.2470796849,0.9999881968
0.0428,0.0,1.000495405,-0.2470149892,0.9999881471
0.04285,0.0,1.000495356,-0.2469502069,0.9999880964
0.0429,0.0,1.000495305,-0.2468853541,0.9999880445
0.04295,0.0,1.000495253,-0.2468204469,0.9999879916
0.043,0.0,1.0004952,-0.2467555012,0.9999879375
0.04305,0.0,1.000495146,-0.2466905333,0.9999878824
0.0431,0.0,1.000495091,-0.2466255591,0.9999878262
0.04315,0.0,1.000495035,-0.2465605946,0.999987769
0.0432,0.0,1.000494977,-0.2464956558,0.9999877106
0.04325,0.0,1.000494919,-0.2464307586,0.9999876512
0.0433,0.0,1.000494859,-0.2463659189,0.9999875907
0.04335,0.0,1.000494799,-0.2463011526,0.9999875291
0.0434,0.0,1.000494737,-0.2462364756,0.9999874664
0.04345,0.0,1.000494675,-0.2461719035,0.9999874026
0.0435,0.0,1.000494611,-0.246107452,0.9999873378
0.04355,0.0,1.000494546,-0.2460431369,0.9999872719
0.0436,0.0,1.00049448,-0.2459789738,0.999987205
0.04365,0.0,1.000494413,-0.2459149781,0.9999871369
0.0437,0.0,1.000494345,-0.2458511653,0.9999870678
0.04375,0.0,1.000494276,-0.2457875508,0.9999869977
0.0438,0.0,1.000494206,-0.2457241499,0.9999869265
0.04385,0.0,1.000494134,-0.2456609779,0.9999868542
0.0439,0.0,1.000494062,-0.2455980499,0.9999867809
0.04395,0.0,1.000493989,-0.245535381,0.9999867065
0.044,0.0,1.000493914,-0.2454729862,0.9999866311
0.04405,0.0,1.000493839,-0.2454108804,0.9999865547
0.0441,0.0,1.000493762,-0.2453490783,0.9999864773
0.04415,0.0,1.000493685,-0.2452875946,0.9999863988
0.0442,0.0,1.000493606,-0.245226444,0.9999863193
0.04425,0.0,1.000493527,-0.2451656409,0.9999862388
0.0443,0.0,1.000493446,-0.2451051997,0.9999861572
0.04435,0.0,1.000493365,-0.2450451347,0.9999860747
0.0444,0.0,1.000493282,-0.24498546,0.9999859912
0.04445,0.0,1.000493199,-0.2449261897,0.9999859067
0.0445,0.0,1.000493114,-0.2448673376,0.9999858212
0.04455,0.0,1.000493029,-0.2448089176,0.9999857347
0.0446,0.0,1.000492942,-0.2447509433,0.9999856473
0.04465,0.0,1.000492855,-0.2446934282,0.9999855589
0.0447,0.0,1.000492766,-0.2446363857,0.9999854696
0.04475,0.0,1.000492677,-0.2445798292,0.9999853793
0.0448,0.0,1.000492586,-0.2445237717,0.9999852881
0.04485,0.0,1.000492495,-0.2444682262,0.999985196
0.0449,0.0,1.000492403,-0.2444132056,0.9999851029
0.04495,0.0,1.00049231,-0.2443587225,0.999985009
0.045,0.0,1.000492216,-0.2443047894,0.9999849141
0.04505,0.0,1.000492121,-0.2442514189,0.9999848184
0.0451,0.0,1.000492025,-0.244198623,0.9999847217
0.04515,0.0,1.000491929,-0.2441464139,0.9999846242
0.0452,0.0,1.000491831,-0.2440948035,0.9999845259
0.04525,0.0,1.000491733,-0.2440438036,0.9999844267
0.0453,0.0,1.000491633,-0.2439934257,0.9999843266
0.04535,0.0,1.000491533,-0.2439436813,0.9999842258
0.0454,0.0,1.000491432,-0.2438945816,0.9999841241
0.04545,0.0,1.000491331,-0.2438461377,0.9999840216
0.0455,0.0,1.000491228,-0.2437983606,0.9999839183
0.04555,0.0,1.000491125,-0.2437512608,0.9999838142
0.0456,0.0,1.000491021,-0.2437048491,0.9999837093
0.04565,0.0,1.000490916,-0.2436591358,0.9999836037
0.0457,0.0,1.00049081,-0.243614131,0.9999834974
0.04575,0.0,1.000490704,-0.2435698448,0.9999833903
0.0458,0.0,1.000490596,-0.243526287,0.9999832824
0.04585,0.0,1.000490488,-0.2434834672,0.9999831739
0.0459,0.0,1.00049038,-0.2434413948,0.9999830647
0.04595,0.0,1.000490271,-0.2434000792,0.9999829547
0.046,0.0,1.000490161,-0.2433595294,0.9999828441
0.04605,0.0,1.00049005,-0.2433197541,0.9999827329
0.0461,0.0,1.000489939,-0.2432807622,0.999982621
0.04615,0.0,1.000489827,-0.2432425619,0.9999825084
0.0462,0.0,1.000489714,-0.2432051617,0.9999823952
0.04625,0.0,1.000489601,-0.2431685695,0.9999822814
0.0463,0.0,1.000489487,-0.2431327931,0.9999821671
0.04635,0.0,1.000489373,-0.2430978403,0.9999820521
0.0464,0.0,1.000489258,-0.2430637185,0.9999819366
0.04645,0.0,1.000489142,-0.2430304348,0.9999818205
0.0465,0.0,1.000489026,-0.2429979964,0.9999817039
0.04655,0.0,1.000488909,-0.2429664099,0.9999815867
0.0466,0.0,1.000488792,-0.242935682,0.9999814691
0.04665,0.0,1.000488674,-0.2429058191,0.9999813509
0.0467,0.0,1.000488556,-0.2428768272,0.9999812323
0.04675,0.0,1.000488437,-0.2428487124,0.9999811131
0.0468,0.0,1.000488318,-0.2428214803,0.9999809936
0.04685,0.0,1.000488198,-0.2427951365,0.9999808736
0.0469,0.0,1.000488078,-0.2427696862,0.9999807532
0.04695,0.0,1.000487958,-0.2427451344,0.9999806323
0.047,0.0,1.000487837,-0.2427214861,0.9999805111
0.04705,0.0,1.000487716,-0.2426987458,0.9999803895
0.0471,0.0,1.000487594,-0.2426769178,0.9999802675
0.04715,0.0,1.000487472,-0.2426560064,0.9999801452
0.0472,0.0,1.00048735,-0.2426360155,0.9999800225
0.04725,0.0,1.000487227,-0.2426169487,0.9999798996
0.0473,0.0,1.000487104,-0.2425988096,0.9999797763
0.04735,0.0,1.000486981,-0.2425816014,0.9999796528
0.0474,0.0,1.000486857,-0.2425653271,0.9999795289
0.04745,0.0,1.000486733,-0.2425499896,0.9999794048
0.0475,0.0,1.000486609,-0.2425355913,0.9999792805
0.04755,0.0,1.000486485,-0.2425221346,0.999979156
0.0476,0.0,1.00048636,-0.2425096216,0.9999790312
0.04765,0.0,1.000486235,-0.2424980542,0.9999789063
0.0477,0.0,1.00048611,-0.242487434,0.9999787812
0.04775,0.0,1.000485985,-0.2424777624,0.9999786559
0.0478,0.0,1.00048586,-0.2424690407,0.9999785305
0.04785,0.0,1.000485734,-0.2424612697,0.9999784049
0.0479,0.0,1.000485608,-0.2424544502,0.9999782792
0.04795,0.0,1.000485483,-0.2424485826,0.9999781535
0.048,0.0,1.000485357,-0.2424436674,0.9999780276
0.04805,0.0,1.000485231,-0.2424397043,0.9999779017
0.0481,0.0,1.000485105,-0.2424366934,0.9999777757
0.04815,0.0,1.000484979,-0.2424346341,0.9999776497
0.0482,0.0,1.000484853,-0.2424335258,0.9999775237
0.04825,0.0,1.000484727,-0.2424333676,0.9999773977
0.0483,0.0,1.000484601,-0.2424341584,0.9999772717
0.04835,0.0,1.000484475,-0.2424358968,0.9999771457
0.0484,0.0,1.000484349,-0.2424385814,0.9999770198
0.04845,0.0,1.000484223,-0.2424422102,0.9999768939
0.0485,0.0,1.000484097,-0.2424467814,0.9999767681
0.04855,0.0,1.000483971,-0.2424522927,0.9999766424
0.0486,0.0,1.000483845,-0.2424587415,0.9999765169
0.04865,0.0,1.000483719,-0.2424661253,0.9999763914
0.0487,0.0,1.000483594,-0.2424744411,0.9999762661
0.04875,0.0,1.000483469,-0.2424836858,0.9999761409
0.0488,0.0,1.000483343,-0.2424938561,0.9999760159
0.04885,0.0,1.000483218,-0.2425049484,0.9999758911
0.0489,0.0,1.000483093,-0.2425169589,0.9999757664
0.04895,0.0,1.000482969,-0.2425298837,0.999975642
0.049,0.0,1.000482844,-0.2425437186,0.9999755179
0.04905,0.0,1.00048272,-0.2425584591,0.999975394
0.0491,0.0,1.000482596,-0.2425741005,0.9999752703
0.04915,0.0,1.000482472,-0.2425906382,0.9999751469
0.0492,0.0,1.000482349,-0.242608067,0.9999750238
0.04925,0.0,1.000482226,-0.2426263817,0.999974901
0.0493,0.0,1.000482103,-0.2426455769,0.9999747786
0.04935,0.0,1.00048198,-0.2426656468,0.9999746564
0.0494,0.0,1.000481858,-0.2426865856,0.9999745346
0.04945,0.0,1.000481736,-0.2427083873,0.9999744132
0.0495,0.0,1.000481615,-0.2427310456,0.9999742922
0.04955,0.0,1.000481494,-0.2427545541,0.9999741715
0.0496,0.0,1.000481373,-0.2427789061,0.9999740513
0.04965,0.0,1.000481253,-0.2428040948,0.9999739315
0.0497,0.0,1.000481133,-0.2428301131,0.9999738121
0.04975,0.0,1.000481013,-0.2428569539,0.9999736931
0.0498,0.0,1.000480894,-0.2428846098,0.9999735746
0.04985,0.0,1.000480776,-0.2429130731,0.9999734566
0.0499,0.0,1.000480658,-0.242942336,0.9999733391
0.04995,0.0,1.00048054,-0.2429723908,0.9999732221
0.05,0.0,1.000480423,-0.2430032291,0.9999731056
0.05005,0.0,1.000480306,-0.2430348428,0.9999729896
0.0501,0.0,1.00048019,-0.2430672234,0.9999728742
0.05015,0.0,1.000480075,-0.2431003622,0.9999727593
0.0502,0.0,1.00047996,-0.2431342503,0.999972645
0.05025,0.0,1.000479846,-0.2431688789,0.9999725313
0.0503,0.0,1.000479732,-0.2432042388,0.9999724181
0.05035,0.0,1.000479619,-0.2432403207,0.9999723056
0.0504,0.0,1.000479506,-0.2432771152,0.9999721936
0.05045,0.0,1.000479394,-0.2433146125,0.9999720823
0.0505,0.0,1.000479283,-0.243352803,0.9999719717
0.05055,0.0,1.000479172,-0.2433916768,0.9999718616
0.0506,0.0,1.000479062,-0.2434312237,0.9999717523
0.05065,0.0,1.000478952,-0.2434714336,0.9999716436
0.0507,0.0,1.000478844,-0.2435122961,0.9999715356
0.05075,0.0,1.000478736,-0.2435538007,0.9999714282
0.0508,0.0,1.000478628,-0.2435959368,0.9999713216
0.05085,0.0,1.000478522,-0.2436386936,0.9999712157
0.0509,0.0,1.000478416,-0.2436820602,0.9999711106
0.05095,0.0,1.00047831,-0.2437260257,0.9999710061
0.051,0.0,1.000478206,-0.2437705788,0.9999709024
0.05105,0.0,1.000478102,-0.2438157082,0.9999707995
0.0511,0.0,1.000477999,-0.2438614027,0.9999706973
0.05115,0.0,1.000477897,-0.2439076506,0.9999705958
0.0512,0.0,1.000477795,-0.2439544404,0.9999704952
0.05125,0.0,1.000477695,-0.2440017602,0.9999703954
0.0513,0.0,1.000477595,-0.2440495984,0.9999702963
0.05135,0.0,1.000477496,-0.2440979428,0.9999701981
0.0514,0.0,1.000477397,-0.2441467816,0.9999701006
0.05145,0.0,1.0004773,-0.2441961024,0.999970004
0.0515,0.0,1.000477203,-0.2442458931,0.9999699083
0.05155,0.0,1.000477108,-0.2442961413,0.9999698133
0.0516,0.0,1.000477013,-0.2443468346,0.9999697192
0.05165,0.0,1.000476918,-0.2443979604,0.999969626
0.0517,0.0,1.000476825,-0.2444495062,0.9999695336
0.05175,0.0,1.000476733,-0.2445014593,0.9999694421
0.0518,0.0,1.000476641,-0.244553807,0.9999693514
0.05185,0.0,1.00047655,-0.2446065363,0.9999692617
0.0519,0.0,1.000476461,-0.2446596343,0.9999691728
0.05195,0.0,1.000476372,-0.2447130882,0.9999690848
0.052,0.0,1.000476284,-0.2447668848,0.9999689977
0.05205,0.0,1.000476197,-0.2448210111,0.9999689115
0.0521,0.0,1.00047611,-0.244875454,0.9999688263
0.05215,0.0,1.000476025,-0.2449302,0.9999687419
0.0522,0.0,1.000475941,-0.2449852361,0.9999686584
0.05225,0.0,1.000475857,-0.245040549,0.9999685759
0.0523,0.0,1.000475774,-0.2450961251,0.9999684943
0.05235,0.0,1.000475693,-0.2451519512,0.9999684136
0.0524,0.0,1.000475612,-0.2452080138,0.9999683339
0.05245,0.0,1.000475532,-0.2452642994,0.9999682551
0.0525,0.0,1.000475454,-0.2453207945,0.9999681773
0.05255,0.0,1.000475376,-0.2453774855,0.9999681004
0.0526,0.0,1.000475299,-0.245434359,0.9999680244
0.05265,0.0,1.000475223,-0.2454914013,0.9999679494
0.0527,0.0,1.000475148,-0.2455485987,0.9999678753
0.05275,0.0,1.000475074,-0.2456059377,0.9999678022
0.0528,0.0,1.000475,-0.2456634046,0.9999677301
0.05285,0.0,1.000474928,-0.2457209858,0.9999676589
0.0529,0.0,1.000474857,-0.2457786677,0.9999675887
0.05295,0.0,1.000474787,-0.2458364364,0.9999675194
0.053,0.0,1.000474717,-0.2458942785,0.9999674511
0.05305,0.0,1.000474649,-0.2459521802,0.9999673838
0.0531,0.0,1.000474582,-0.2460101279,0.9999673174
0.05315,0.0,1.000474515,-0.2460681079,0.999967252
0.0532,0.0,1.00047445,-0.2461261066,0.9999671876
0.05325,0.0,1.000474385,-0.2461841104,0.9999671242
0.0533,0.0,1.000474322,-0.2462421058,0.9999670617
0.05335,0.0,1.000474259,-0.246300079,0.9999670001
0.0534,0.0,1.000474198,-0.2463580167,0.9999669396
0.05345,0.0,1.000474137,-0.2464159052,0.99996688
0.0535,0.0,1.000474078,-0.246473731,0.9999668213
0.05355,0.0,1.000474019,-0.2465314809,0.9999667637
0.0536,0.0,1.000473961,-0.2465891412,0.999966707
0.05365,0.0,1.000473905,-0.2466466986,0.9999666512
0.0537,0.0,1.000473849,-0.2467041399,0.9999665964
0.05375,0.0,1.000473794,-0.2467614518,0.9999665426
0.0538,0.0,1.00047374,-0.2468186209,0.9999664897
0.05385,0.0,1.000473687,-0.2468756342,0.9999664378
0.0539,0.0,1.000473635,-0.2469324785,0.9999663868
0.05395,0.0,1.000473584,-0.2469891408,0.9999663367
0.054,0.0,1.000473534,-0.2470456081,0.9999662876
0.05405,0.0,1.000473485,-0.2471018675,0.9999662395
0.0541,0.0,1.000473437,-0.2471579061,0.9999661922
0.05415,0.0,1.00047339,-0.2472137111,0.9999661459
0.0542,0.0,1.000473343,-0.2472692698,0.9999661006
0.05425,0.0,1.000473298,-0.2473245696,0.9999660561
0.0543,0.0,1.000473253,-0.2473795981,0.9999660126
0.05435,0.0,1.00047321,-0.2474343426,0.99996597
0.0544,0.0,1.000473167,-0.2474887908,0.9999659283
0.05445,0.0,1.000473126,-0.2475429305,0.9999658875
0.0545,0.0,1.000473085,-0.2475967495,0.9999658475
0.05455,0.0,1.000473045,-0.2476502357,0.9999658085
0.0546,0.0,1.000473006,-0.247703377,0.9999657704
0.05465,0.0,1.000472968,-0.2477561617,0.9999657331
0.0547,0.0,1.00047293,-0.247808578,0.9999656968
0.05475,0.0,1.000472894,-0.2478606141,0.9999656612
0.0548,0.0,1.000472858,-0.2479122586,0.9999656266
0.05485,0.0,1.000472824,-0.2479635,0.9999655928
0.0549,0.0,1.00047279,-0.248014327,0.9999655598
0.05495,0.0,1.000472757,-0.2480647283,0.9999655277
0.055,0.0,1.000472725,-0.2481146929,0.9999654964
0.05505,0.0,1.000472693,-0.2481642098,0.999965466
0.0551,0.0,1.000472663,-0.2482132683,0.9999654364
0.05515,0.0,1.000472633,-0.2482618575,0.9999654075
0.0552,0.0,1.000472605,-0.248309967,0.9999653795
0.05525,0.0,1.000472576,-0.2483575863,0.9999653523
0.0553,0.0,1.000472549,-0.2484047052,0.9999653258
0.05535,0.0,1.000472523,-0.2484513134,0.9999653002
0.0554,0.0,1.000472497,-0.248497401,0.9999652753
0.05545,0.0,1.000472472,-0.2485429582,0.9999652511
0.0555,0.0,1.000472448,-0.2485879751,0.9999652277
0.05555,0.0,1.000472425,-0.2486324422,0.9999652051
0.0556,0.0,1.000472402,-0.2486763502,0.9999651832
0.05565,0.0,1.00047238,-0.2487196897,0.999965162
0.0557,0.0,1.000472359,-0.2487624517,0.9999651415
0.05575,0.0,1.000472338,-0.2488046272,0.9999651217
0.0558,0.0,1.000472319,-0.2488462074,0.9999651026
0.05585,0.0,1.000472299,-0.2488871837,0.9999650842
0.0559,0.0,1.000472281,-0.2489275477,0.9999650665
0.05595,0.0,1.000472263,-0.248967291,0.9999650494
0.056,0.0,1.000472246,-0.2490064056,0.999965033
0.05605,0.0,1.00047223,-0.2490448834,0.9999650173
0.0561,0.0,1.000472214,-0.2490827166,0.9999650021
0.05615,0.0,1.000472199,-0.2491198977,0.9999649876
0.0562,0.0,1.000472184,-0.2491564193,0.9999649737
0.05625,0.0,1.00047217,-0.249192274,0.9999649604
0.0563,0.0,1.000472157,-0.2492274547,0.9999649476
0.05635,0.0,1.000472144,-0.2492619546,0.9999649355
0.0564,0.0,1.000472132,-0.2492957669,0.9999649239
0.05645,0.0,1.000472121,-0.249328885,0.9999649129
0.0565,0.0,1.00047211,-0.2493613027,0.9999649024
0.05655,0.0,1.000472099,-0.2493930137,0.9999648924
0.0566,0.0,1.000472089,-0.2494240119,0.9999648829
0.05665,0.0,1.00047208,-0.2494542917,0.999964874
0.0567,0.0,1.000472071,-0.2494838472,0.9999648655
0.05675,0.0,1.000472062,-0.2495126732,0.9999648575
0.0568,0.0,1.000472054,-0.2495407644,0.99996485
0.05685,0.0,1.000472047,-0.2495681156,0.999964843
0.0569,0.0,1.00047204,-0.249594722,0.9999648364
0.05695,0.0,1.000472033,-0.249620579,0.9999648302
0.057,0.0,1.000472027,-0.249645682,0.9999648244
0.05705,0.0,1.000472021,-0.2496700267,0.9999648191
0.0571,0.0,1.000472016,-0.249693609,0.9999648141
0.05715,0.0,1.000472011,-0.249716425,0.9999648096
0.0572,0.0,1.000472006,-0.249738471,0.9999648053
0.05725,0.0,1.000472002,-0.2497597434,0.9999648015
0.0573,0.0,1.000471998,-0.249780239,0.999964798
0.05735,0.0,1.000471995,-0.2497999545,0.9999647948
0.0574,0.0,1.000471991,-0.2498188871,0.9999647919
0.05745,0.0,1.000471989,-0.2498370339,0.9999647893
0.0575,0.0,1.000471986,-0.2498543925,0.9999647871
0.05755,0.0,1.000471984,-0.2498709605,0.9999647851
0.0576,0.0,1.000471982,-0.2498867357,0.9999647833
0.05765,0.0,1.00047198,-0.2499017162,0.9999647818
0.0577,0.0,1.000471978,-0.2499159002,0.9999647806
0.05775,0.0,1.000471977,-0.2499292862,0.9999647795
0.0578,0.0,1.000471976,-0.2499418727,0.9999647787
0.05785,0.0,1.000471975,-0.2499536586,0.9999647781
0.0579,0.0,1.000471975,-0.249964643,0.9999647776
0.05795,0.0,1.000471974,-0.2499748249,0.9999647774
0.058,0.0,1.000471974,-0.249984204,0.9999647773
0.05805,0.0,1.000471974,-0.2499927797,0.9999647773
0.0581,0.0,1.000471974,-0.2500005519,0.9999647774
0.05815,0.0,1.000471974,-0.2500075206,0.9999647777
0.0582,0.0,1.000471974,-0.2500136859,0.9999647781
0.05825,0.0,1.000471975,-0.2500190484,0.9999647785
0.0583,0.0,1.000471975,-0.2500236085,0.9999647791
0.05835,0.0,1.000471976,-0.2500273671,0.9999647797
0.0584,0.0,1.000471976,-0.2500303251,0.9999647803
0.05845,0.0,1.000471977,-0.2500324836,0.999964781
0.0585,0.0,1.000471978,-0.2500338442,0.9999647817
0.05855,0.0,1.000471978,-0.2500344082,0.9999647825
0.0586,0.0,1.000471979,-0.2500341775,0.9999647832
0.05865,0.0,1.00047198,-0.250033154,0.9999647839
0.0587,0.0,1.000471981,-0.2500313397,0.9999647845
0.05875,0.0,1.000471981,-0.2500287371,0.9999647852
0.0588,0.0,1.000471982,-0.2500253486,0.9999647857
0.05885,0.0,1.000471982,-0.2500211768,0.9999647862
0.0589,0.0,1.000471983,-0.2500162248,0.9999647867
0.05895,0.0,1.000471983,-0.2500104954,0.999964787
0.059,0.0,1.000471984,-0.250003992,0.9999647872
0.05905,0.0,1.000471984,-0.2499967179,0.9999647873
0.0591,0.0,1.000471984,-0.2499886768,0.9999647872
0.05915,0.0,1.000471984,-0.2499798725,0.9999647871
0.0592,0.0,1.000471984,-0.2499703089,0.9999647867
0.05925,0.0,1.000471983,-0.2499599901,0.9999647862
0.0593,0.0,1.000471983,-0.2499489205,0.9999647855
0.05935,0.0,1.000471982,-0.2499371045,0.9999647846
0.0594,0.0,1.000471981,-0.2499245468,0.9999647835
0.05945,0.0,1.00047198,-0.2499112523,0.9999647821
0.0595,0.0,1.000471979,-0.2498972259,0.9999647806
0.05955,0.0,1.000471977,-0.2498824728,0.9999647788
0.0596,0.0,1.000471975,-0.2498669984,0.9999647767
0.05965,0.0,1.000471973,-0.2498508081,0.9999647744
0.0597,0.0,1.000471971,-0.2498339077,0.9999647717
0.05975,0.0,1.000471968,-0.249816303,0.9999647688
0.0598,0.0,1.000471965,-0.249798,0.9999647656
0.05985,0.0,1.000471962,-0.2497790047,0.9999647621
0.0599,0.0,1.000471959,-0.2497593237,0.9999647582
0.05995,0.0,1.000471955,-0.2497389632,0.999964754
0.06,0.0,1.000471951,-0.24971793,0.9999647494
0.06005,0.0,1.000471946,-0.2496962308,0.9999647445
0.0601,0.0,1.000471941,-0.2496738725,0.9999647392
0.06015,0.0,1.000471936,-0.2496508623,0.9999647336
0.0602,0.0,1.00047193,-0.2496272073,0.9999647275
0.06025,0.0,1.000471924,-0.2496029149,0.999964721
0.0603,0.0,1.000471918,-0.2495779926,0.9999647141
0.06035,0.0,1.000471911,-0.2495524482,0.9999647068
0.0604,0.0,1.000471903,-0.2495262892,0.9999646991
0.06045,0.0,1.000471896,-0.2494995238,0.9999646909
0.0605,0.0,1.000471887,-0.2494721599,0.9999646822
0.06055,0.0,1.000471879,-0.2494442057,0.9999646731
0.0606,0.0,1.00047187,-0.2494156696,0.9999646635
0.06065,0.0,1.00047186,-0.2493865599,0.9999646534
0.0607,0.0,1.00047185,-0.2493568854,0.9999646429
0.06075,0.0,1.000471839,-0.2493266546,0.9999646318
0.0608,0.0,1.000471828,-0.2492958764,0.9999646202
0.06085,0.0,1.000471817,-0.2492645597,0.9999646081
0.0609,0.0,1.000471805,-0.2492327136,0.9999645955
0.06095,0.0,1.000471792,-0.2492003472,0.9999645823
0.061,0.0,1.000471779,-0.2491674698,0.9999645686
0.06105,0.0,1.000471765,-0.2491340908,0.9999645543
0.0611,0.0,1.000471751,-0.2491002197,0.9999645394
0.06115,0.0,1.000471736,-0.2490658661,0.999964524
0.0612,0.0,1.000471721,-0.2490310396,0.999964508
0.06125,0.0,1.000471705,-0.2489957501,0.9999644914
0.0613,0.0,1.000471688,-0.2489600074,0.9999644742
0.06135,0.0,1.000471671,-0.2489238216,0.9999644564
0.0614,0.0,1.000471653,-0.2488872026,0.999964438
0.06145,0.0,1.000471635,-0.2488501607,0.999964419
0.0615,0.0,1.000471615,-0.2488127061,0.9999643994
0.06155,0.0,1.000471596,-0.2487748491,0.9999643791
0.0616,0.0,1.000471576,-0.2487366002,0.9999643582
0.06165,0.0,1.000471555,-0.2486979697,0.9999643366
0.0617,0.0,1.000471533,-0.2486589684,0.9999643144
0.06175,0.0,1.000471511,-0.2486196068,0.9999642916
0.0618,0.0,1.000471488,-0.2485798955,0.9999642681
0.06185,0.0,1.000471464,-0.2485398455,0.9999642439
0.0619,0.0,1.00047144,-0.2484994674,0.999964219
0.06195,0.0,1.000471415,-0.2484587723,0.9999641935
0.062,0.0,1.00047139,-0.2484177709,0.9999641673
0.06205,0.0,1.000471364,-0.2483764744,0.9999641404
0.0621,0.0,1.000471337,-0.2483348939,0.9999641128
0.06215,0.0,1.000471309,-0.2482930403,0.9999640845
0.0622,0.0,1.000471281,-0.2482509249,0.9999640555
0.06225,0.0,1.000471252,-0.2482085588,0.9999640257
0.0623,0.0,1.000471222,-0.2481659533,0.9999639953
0.06235,0.0,1.000471192,-0.2481231197,0.9999639642
0.0624,0.0,1.00047116,-0.2480800692,0.9999639323
0.06245,0.0,1.000471129,-0.2480368133,0.9999638998
0.0625,0.0,1.000471096,-0.2479933632,0.9999638665
0.06255,0.0,1.000471063,-0.2479497304,0.9999638325
0.0626,0.0,1.000471029,-0.2479059264,0.9999637977
0.06265,0.0,1.000470994,-0.2478619625,0.9999637622
0.0627,0.0,1.000470958,-0.2478178501,0.999963726
0.06275,0.0,1.000470922,-0.2477736009,0.9999636891
0.0628,0.0,1.000470885,-0.2477292262,0.9999636514
0.06285,0.0,1.000470847,-0.2476847376,0.9999636129
0.0629,0.0,1.000470809,-0.2476401465,0.9999635737
0.06295,0.0,1.00047077,-0.2475954645,0.9999635338
0.063,0.0,1.00047073,-0.2475507031,0.9999634932
0.06305,0.0,1.000470689,-0.2475058737,0.9999634517
0.0631,0.0,1.000470648,-0.247460988,0.9999634096
0.06315,0.0,1.000470606,-0.2474160572,0.9999633667
0.0632,0.0,1.000470563,-0.2473710931,0.999963323
0.06325,0.0,1.000470519,-0.2473261069,0.9999632786
0.0633,0.0,1.000470474,-0.2472811102,0.9999632334
0.06335,0.0,1.000470429,-0.2472361144,0.9999631875
0.0634,0.0,1.000470383,-0.247191131,0.9999631408
0.06345,0.0,1.000470337,-0.2471461711,0.9999630934
0.0635,0.0,1.000470289,-0.2471012464,0.9999630453
0.06355,0.0,1.000470241,-0.247056368,0.9999629964
0.0636,0.0,1.000470192,-0.2470115473,0.9999629467
0.06365,0.0,1.000470142,-0.2469667955,0.9999628963
0.0637,0.0,1.000470092,-0.2469221238,0.9999628452
0.06375,0.0,1.000470041,-0.2468775435,0.9999627933
0.0638,0.0,1.000469989,-0.2468330656,0.9999627407
0.06385,0.0,1.000469936,-0.2467887013,0.9999626873
0.0639,0.0,1.000469883,-0.2467444616,0.9999626332
0.06395,0.0,1.000469829,-0.2467003575,0.9999625784
0.064,0.0,1.000469774,-0.2466563999,0.9999625228
0.06405,0.0,1.000469718,-0.2466125998,0.9999624665
0.0641,0.0,1.000469662,-0.2465689678,0.9999624095
0.06415,0.0,1.000469605,-0.2465255149,0.9999623517
0.0642,0.0,1.000469547,-0.2464822517,0.9999622932
0.06425,0.0,1.000469489,-0.2464391888,0.999962234
0.0643,0.0,1.000469429,-0.2463963369,0.9999621741
0.06435,0.0,1.000469369,-0.2463537063,0.9999621135
0.0644,0.0,1.000469309,-0.2463113076,0.9999620522
0.06445,0.0,1.000469247,-0.246269151,0.9999619902
0.0645,0.0,1.000469185,-0.2462272469,0.9999619275
0.06455,0.0,1.000469123,-0.2461856054,0.999961864
0.0646,0.0,1.000469059,-0.2461442367,0.9999617999
0.06465,0.0,1.000468995,-0.2461031508,0.9999617352
0.0647,0.0,1.00046893,-0.2460623576,0.9999616697
0.06475,0.0,1.000468865,-0.246021867,0.9999616035
0.0648,0.0,1.000468799,-0.2459816887,0.9999615367
0.06485,0.0,1.000468732,-0.2459418325,0.9999614693
0.0649,0.0,1.000468664,-0.2459023079,0.9999614011
0.06495,0.0,1.000468596,-0.2458631244,0.9999613323
0.065,0.0,1.000468527,-0.2458242913,0.9999612629
0.06505,0.0,1.000468458,-0.245785818,0.9999611928
0.0651,0.0,1.000468388,-0.2457477137,0.9999611221
0.06515,0.0,1.000468317,-0.2457099875,0.9999610508
0.0652,0.0,1.000468246,-0.2456726482,0.9999609788
0.06525,0.0,1.000468174,-0.2456357048,0.9999609062
0.0653,0.0,1.000468101,-0.2455991661,0.9999608331
0.06535,0.0,1.000468028,-0.2455630407,0.9999607593
0.0654,0.0,1.000467954,-0.2455273371,0.9999606849
0.06545,0.0,1.000467879,-0.2454920637,0.9999606099
0.0655,0.0,1.000467804,-0.245457229,0.9999605344
0.06555,0.0,1.000467729,-0.245422841,0.9999604583
0.0656,0.0,1.000467653,-0.2453889078,0.9999603816
0.06565,0.0,1.000467576,-0.2453554374,0.9999603043
0.0657,0.0,1.000467499,-0.2453224375,0.9999602265
0.06575,0.0,1.000467421,-0.245289916,0.9999601482
0.0658,0.0,1.000467342,-0.2452578804,0.9999600693
0.06585,0.0,1.000467264,-0.245226338,0.9999599899
0.0659,0.0,1.000467184,-0.2451952964,0.99995991
0.06595,0.0,1.000467104,-0.2451647625,0.9999598296
0.066,0.0,1.000467024,-0.2451347435,0.9999597487
0.06605,0.0,1.000466943,-0.2451052463,0.9999596673
0.0661,0.0,1.000466861,-0.2450762778,0.9999595854
0.06615,0.0,1.000466779,-0.2450478444,0.999959503
0.0662,0.0,1.000466697,-0.2450199528,0.9999594202
0.06625,0.0,1.000466614,-0.2449926094,0.9999593369
0.0663,0.0,1.000466531,-0.2449658203,0.9999592531
0.06635,0.0,1.000466447,-0.2449395916,0.999959169
0.0664,0.0,1.000466363,-0.2449139294,0.9999590844
0.06645,0.0,1.000466278,-0.2448888393,0.9999589994
0.0665,0.0,1.000466193,-0.2448643271,0.9999589139
0.06655,0.0,1.000466108,-0.2448403982,0.9999588281
0.0666,0.0,1.000466022,-0.2448170581,0.9999587419
0.06665,0.0,1.000465936,-0.244794312,0.9999586553
0.0667,0.0,1.000465849,-0.2447721648,0.9999585684
0.06675,0.0,1.000465762,-0.2447506215,0.999958481
0.0668,0.0,1.000465675,-0.2447296869,0.9999583934
0.06685,0.0,1.000465587,-0.2447093656,0.9999583054
0.0669,0.0,1.000465499,-0.2446896621,0.999958217
0.06695,0.0,1.00046541,-0.2446705805,0.9999581284
0.067,0.0,1.000465322,-0.2446521251,0.9999580394
0.06705,0.0,1.000465233,-0.2446342999,0.9999579502
0.0671,0.0,1.000465143,-0.2446171086,0.9999578606
0.06715,0.0,1.000465054,-0.2446005549,0.9999577708
0.0672,0.0,1.000464964,-0.2445846424,0.9999576807
0.06725,0.0,1.000464874,-0.2445693744,0.9999575904
0.0673,0.0,1.000464783,-0.2445547541,0.9999574998
0.06735,0.0,1.000464693,-0.2445407845,0.999957409
0.0674,0.0,1.000464602,-0.2445274685,0.999957318
0.06745,0.0,1.000464511,-0.2445148087,0.9999572268
0.0675,0.0,1.00046442,-0.2445028077,0.9999571353
0.06755,0.0,1.000464328,-0.244491468,0.9999570437
0.0676,0.0,1.000464236,-0.2444807917,0.9999569519
0.06765,0.0,1.000464145,-0.2444707808,0.9999568599
0.0677,0.0,1.000464053,-0.2444614373,0.9999567678
0.06775,0.0,1.00046396,-0.2444527628,0.9999566755
0.0678,0.0,1.000463868,-0.244444759,0.9999565831
0.06785,0.0,1.000463776,-0.2444374272,0.9999564906
0.0679,0.0,1.000463683,-0.2444307687,0.9999563979
0.06795,0.0,1.00046359,-0.2444247844,0.9999563052
0.068,0.0,1.000463498,-0.2444194754,0.9999562124
0.06805,0.0,1.000463405,-0.2444148424,0.9999561195
0.0681,0.0,1.000463312,-0.2444108859,0.9999560265
0.06815,0.0,1.000463219,-0.2444076063,0.9999559335
0.0682,0.0,1.000463126,-0.2444050039,0.9999558404
0.06825,0.0,1.000463033,-0.2444030787,0.9999557473
0.0683,0.0,1.000462939,-0.2444018307,0.9999556542
0.06835,0.0,1.000462846,-0.2444012596,0.999955561
0.0684,0.0,1.000462753,-0.244401365,0.9999554679
0.06845,0.0,1.00046266,-0.2444021463,0.9999553748
0.0685,0.0,1.000462567,-0.2444036028,0.9999552817
0.06855,0.0,1.000462474,-0.2444057336,0.9999551887
0.0686,0.0,1.00046238,-0.2444085376,0.9999550957
0.06865,0.0,1.000462287,-0.2444120136,0.9999550027
0.0687,0.0,1.000462194,-0.2444161602,0.9999549098
0.06875,0.0,1.000462101,-0.2444209758,0.999954817
0.0688,0.0,1.000462009,-0.2444264588,0.9999547243
0.06885,0.0,1.000461916,-0.2444326073,0.9999546317
0.0689,0.0,1.000461823,-0.2444394193,0.9999545393
0.06895,0.0,1.000461731,-0.2444468925,0.9999544469
0.069,0.0,1.000461638,-0.2444550247,0.9999543547
0.06905,0.0,1.000461546,-0.2444638133,0.9999542626
0.0691,0.0,1.000461454,-0.2444732558,0.9999541707
0.06915,0.0,1.000461362,-0.2444833492,0.9999540789
0.0692,0.0,1.00046127,-0.2444940907,0.9999539873
0.06925,0.0,1.000461179,-0.2445054772,0.999953896
0.0693,0.0,1.000461087,-0.2445175053,0.9999538048
0.06935,0.0,1.000460996,-0.2445301717,0.9999537138
0.0694,0.0,1.000460905,-0.2445434728,0.9999536231
0.06945,0.0,1.000460814,-0.244557405,0.9999535325
0.0695,0.0,1.000460723,-0.2445719643,0.9999534423
0.06955,0.0,1.000460633,-0.2445871468,0.9999533522
0.0696,0.0,1.000460543,-0.2446029484,0.9999532625
0.06965,0.0,1.000460453,-0.2446193647,0.999953173
0.0697,0.0,1.000460364,-0.2446363913,0.9999530838
0.06975,0.0,1.000460275,-0.2446540237,0.9999529949
0.0698,0.0,1.000460186,-0.2446722571,0.9999529063
0.06985,0.0,1.000460097,-0.2446910868,0.999952818
0.0699,0.0,1.000460009,-0.2447105077,0.9999527301
0.06995,0.0,1.000459921,-0.2447305147,0.9999526424
0.07,0.0,1.000459833,-0.2447511026,0.9999525551
0.07005,0.0,1.000459746,-0.244772266,0.9999524682
0.0701,0.0,1.000459659,-0.2447939995,0.9999523816
0.07015,0.0,1.000459572,-0.2448162972,0.9999522954
0.0702,0.0,1.000459486,-0.2448391536,0.9999522096
0.07025,0.0,1.0004594,-0.2448625627,0.9999521242
0.0703,0.0,1.000459314,-0.2448865185,0.9999520392
0.07035,0.0,1.000459229,-0.2449110149,0.9999519546
0.0704,0.0,1.000459145,-0.2449360455,0.9999518704
0.07045,0.0,1.00045906,-0.2449616041,0.9999517866
0.0705,0.0,1.000458977,-0.2449876841,0.9999517033
0.07055,0.0,1.000458893,-0.245014279,0.9999516204
0.0706,0.0,1.00045881,-0.245041382,0.9999515379
0.07065,0.0,1.000458728,-0.2450689863,0.9999514559
0.0707,0.0,1.000458646,-0.2450970849,0.9999513744
0.07075,0.0,1.000458564,-0.2451256708,0.9999512934
0.0708,0.0,1.000458483,-0.2451547368,0.9999512128
0.07085,0.0,1.000458403,-0.2451842757,0.9999511328
0.0709,0.0,1.000458323,-0.2452142802,0.9999510532
0.07095,0.0,1.000458243,-0.2452447426,0.9999509742
0.071,0.0,1.000458164,-0.2452756556,0.9999508956
0.07105,0.0,1.000458085,-0.2453070114,0.9999508176
0.0711,0.0,1.000458007,-0.2453388023,0.9999507401
0.07115,0.0,1.00045793,-0.2453710204,0.9999506632
0.0712,0.0,1.000457853,-0.2454036578,0.9999505868
0.07125,0.0,1.000457776,-0.2454367065,0.9999505109
0.0713,0.0,1.0004577,-0.2454701583,0.9999504357
0.07135,0.0,1.000457625,-0.2455040052,0.9999503609
0.0714,0.0,1.00045755,-0.2455382387,0.9999502868
0.07145,0.0,1.000457476,-0.2455728505,0.9999502132
0.0715,0.0,1.000457402,-0.2456078323,0.9999501402
0.07155,0.0,1.000457329,-0.2456431754,0.9999500678
0.0716,0.0,1.000457257,-0.2456788714,0.999949996
0.07165,0.0,1.000457185,-0.2457149115,0.9999499248
0.0717,0.0,1.000457114,-0.2457512871,0.9999498542
0.07175,0.0,1.000457043,-0.2457879892,0.9999497842
0.0718,0.0,1.000456973,-0.2458250092,0.9999497148
0.07185,0.0,1.000456904,-0.245862338,0.9999496461
0.0719,0.0,1.000456835,-0.2458999666,0.9999495779
0.07195,0.0,1.000456767,-0.2459378861,0.9999495104
0.072,0.0,1.000456699,-0.2459760874,0.9999494436
0.07205,0.0,1.000456632,-0.2460145612,0.9999493774
0.0721,0.0,1.000456566,-0.2460532984,0.9999493118
0.07215,0.0,1.000456501,-0.2460922897,0.9999492469
0.0722,0.0,1.000456436,-0.2461315259,0.9999491826
0.07225,0.0,1.000456371,-0.2461709976,0.999949119
0.0723,0.0,1.000456308,-0.2462106954,0.9999490561
0.07235,0.0,1.000456245,-0.2462506099,0.9999489938
0.0724,0.0,1.000456182,-0.2462907316,0.9999489322
0.07245,0.0,1.000456121,-0.246331051,0.9999488712
0.0725,0.0,1.00045606,-0.2463715586,0.999948811
0.07255,0.0,1.000456,-0.2464122448,0.9999487514
0.0726,0.0,1.00045594,-0.2464531001,0.9999486925
0.07265,0.0,1.000455881,-0.2464941147,0.9999486343
0.0727,0.0,1.000455823,-0.2465352791,0.9999485768
0.07275,0.0,1.000455765,-0.2465765836,0.9999485199
0.0728,0.0,1.000455708,-0.2466180185,0.9999484638
0.07285,0.0,1.000455652,-0.2466595742,0.9999484083
0.0729,0.0,1.000455597,-0.2467012407,0.9999483535
0.07295,0.0,1.000455542,-0.2467430086,0.9999482995
0.073,0.0,1.000455488,-0.2467848679,0.9999482461
0.07305,0.0,1.000455434,-0.246826809,0.9999481934
0.0731,0.0,1.000455382,-0.2468688221,0.9999481415
0.07315,0.0,1.00045533,-0.2469108974,0.9999480902
0.0732,0.0,1.000455278,-0.2469530252,0.9999480396
0.07325,0.0,1.000455228,-0.2469951957,0.9999479898
0.0733,0.0,1.000455178,-0.2470373992,0.9999479406
0.07335,0.0,1.000455129,-0.2470796259,0.9999478921
0.0734,0.0,1.00045508,-0.247121866,0.9999478444
0.07345,0.0,1.000455032,-0.2471641098,0.9999477973
0.0735,0.0,1.000454985,-0.2472063476,0.999947751
0.07355,0.0,1.000454939,-0.2472485698,0.9999477054
0.0736,0.0,1.000454893,-0.2472907665,0.9999476604
0.07365,0.0,1.000454848,-0.2473329282,0.9999476162
0.0737,0.0,1.000454804,-0.2473750452,0.9999475727
0.07375,0.0,1.000454761,-0.2474171078,0.9999475298
0.0738,0.0,1.000454718,-0.2474591065,0.9999474877
0.07385,0.0,1.000454676,-0.2475010317,0.9999474463
0.0739,0.0,1.000454634,-0.2475428739,0.9999474055
0.07395,0.0,1.000454593,-0.2475846236,0.9999473655
0.074,0.0,1.000454553,-0.2476262713,0.9999473262
0.07405,0.0,1.000454514,-0.2476678075,0.9999472875
0.0741,0.0,1.000454475,-0.2477092229,0.9999472495
0.07415,0.0,1.000454437,-0.2477505082,0.9999472123
0.0742,0.0,1.0004544,-0.2477916541,0.9999471757
0.07425,0.0,1.000454363,-0.2478326512,0.9999471398
0.0743,0.0,1.000454327,-0.2478734904,0.9999471046
0.07435,0.0,1.000454292,-0.2479141626,0.99994707
0.0744,0.0,1.000454258,-0.2479546586,0.9999470362
0.07445,0.0,1.000454224,-0.2479949694,0.999947003
0.0745,0.0,1.000454191,-0.2480350861,0.9999469704
0.07455,0.0,1.000454158,-0.2480749996,0.9999469386
0.0746,0.0,1.000454126,-0.2481147013,0.9999469074
0.07465,0.0,1.000454095,-0.2481541822,0.9999468768
0.0747,0.0,1.000454064,-0.2481934336,0.9999468469
0.07475,0.0,1.000454034,-0.248232447,0.9999468177
0.0748,0.0,1.000454005,-0.2482712137,0.9999467891
0.07485,0.0,1.000453977,-0.2483097252,0.9999467612
0.0749,0.0,1.000453949,-0.248347973,0.9999467338
0.07495,0.0,1.000453921,-0.2483859489,0.9999467072
0.075,0.0,1.000453895,-0.2484236446,0.9999466811
0.07505,0.0,1.000453869,-0.2484610519,0.9999466557
0.0751,0.0,1.000453843,-0.2484981626,0.9999466309
0.07515,0.0,1.000453818,-0.2485349688,0.9999466067
0.0752,0.0,1.000453794,-0.2485714625,0.9999465831
0.07525,0.0,1.000453771,-0.248607636,0.9999465601
0.0753,0.0,1.000453748,-0.2486434813,0.9999465377
0.07535,0.0,1.000453725,-0.248678991,0.9999465159
0.0754,0.0,1.000453703,-0.2487141574,0.9999464947
0.07545,0.0,1.000453682,-0.2487489731,0.9999464741
0.0755,0.0,1.000453661,-0.2487834307,0.999946454
0.07555,0.0,1.000453641,-0.248817523,0.9999464346
0.0756,0.0,1.000453622,-0.2488512428,0.9999464156
0.07565,0.0,1.000453603,-0.248884583,0.9999463973
0.0757,0.0,1.000453585,-0.2489175368,0.9999463795
0.07575,0.0,1.000453567,-0.2489500973,0.9999463622
0.0758,0.0,1.000453549,-0.2489822577,0.9999463454
0.07585,0.0,1.000453533,-0.2490140114,0.9999463292
0.0759,0.0,1.000453517,-0.249045352,0.9999463135
0.07595,0.0,1.000453501,-0.249076273,0.9999462984
0.076,0.0,1.000453486,-0.2491067682,0.9999462837
0.07605,0.0,1.000453471,-0.2491368314,0.9999462695
0.0761,0.0,1.000453457,-0.2491664566,0.9999462559
0.07615,0.0,1.000453443,-0.2491956378,0.9999462427
0.0762,0.0,1.00045343,-0.2492243692,0.99994623
0.07625,0.0,1.000453417,-0.2492526452,0.9999462178
0.0763,0.0,1.000453405,-0.2492804602,0.999946206
0.07635,0.0,1.000453393,-0.2493078088,0.9999461947
0.0764,0.0,1.000453382,-0.2493346856,0.9999461838
0.07645,0.0,1.000453371,-0.2493610855,0.9999461734
0.0765,0.0,1.000453361,-0.2493870035,0.9999461634
0.07655,0.0,1.000453351,-0.2494124344,0.9999461538
0.0766,0.0,1.000453341,-0.2494373737,0.9999461447
0.07665,0.0,1.000453332,-0.2494618166,0.9999461359
0.0767,0.0,1.000453323,-0.2494857585,0.9999461276
0.07675,0.0,1.000453315,-0.2495091951,0.9999461196
0.0768,0.0,1.000453307,-0.249532122,0.9999461121
0.07685,0.0,1.000453299,-0.2495545352,0.9999461049
0.0769,0.0,1.000453292,-0.2495764305,0.999946098
0.07695,0.0,1.000453285,-0.2495978042,0.9999460915
0.077,0.0,1.000453279,-0.2496186525,0.9999460854
0.07705,0.0,1.000453273,-0.2496389717,0.9999460796
0.0771,0.0,1.000453267,-0.2496587584,0.9999460742
0.07715,0.0,1.000453261,-0.2496780092,0.999946069
0.0772,0.0,1.000453256,-0.249696721,0.9999460642
0.07725,0.0,1.000453251,-0.2497148907,0.9999460597
0.0773,0.0,1.000453247,-0.2497325153,0.9999460554
0.07735,0.0,1.000453243,-0.2497495921,0.9999460515
0.0774,0.0,1.000453239,-0.2497661184,0.9999460478
0.07745,0.0,1.000453235,-0.2497820917,0.9999460444
0.0775,0.0,1.000453232,-0.2497975096,0.9999460412
0.07755,0.0,1.000453228,-0.2498123699,0.9999460383
0.0776,0.0,1.000453225,-0.2498266705,0.9999460357
0.07765,0.0,1.000453223,-0.2498404094,0.9999460332
0.0777,0.0,1.00045322,-0.2498535849,0.999946031
0.07775,0.0,1.000453218,-0.2498661952,0.999946029
0.0778,0.0,1.000453216,-0.2498782388,0.9999460272
0.07785,0.0,1.000453214,-0.2498897143,0.9999460256
0.0779,0.0,1.000453213,-0.2499006205,0.9999460242
0.07795,0.0,1.000453211,-0.2499109562,0.9999460229
0.078,0.0,1.00045321,-0.2499207205,0.9999460218
0.07805,0.0,1.000453209,-0.2499299125,0.9999460209
0.0781,0.0,1.000453208,-0.2499385316,0.9999460201
0.07815,0.0,1.000453207,-0.2499465771,0.9999460194
0.0782,0.0,1.000453207,-0.2499540487,0.9999460189
0.07825,0.0,1.000453206,-0.2499609461,0.9999460184
0.0783,0.0,1.000453206,-0.2499672692,0.9999460181
0.07835,0.0,1.000453205,-0.2499730179,0.9999460179
0.0784,0.0,1.000453205,-0.2499781924,0.9999460178
0.07845,0.0,1.000453205,-0.249982793,0.9999460177
0.0785,0.0,1.000453205,-0.2499868201,0.9999460177
0.07855,0.0,1.000453205,-0.2499902742,0.9999460178
0.0786,0.0,1.000453205,-0.2499931561,0.9999460179
0.07865,0.0,1.000453205,-0.2499954666,0.999946018
0.0787,0.0,1.000453205,-0.2499972066,0.9999460182
0.07875,0.0,1.000453205,-0.2499983773,0.9999460184
0.0788,0.0,1.000453206,-0.2499989799,0.9999460186
0.07885,0.0,1.000453206,-0.2499990158,0.9999460188
0.0789,0.0,1.000453206,-0.2499984864,0.999946019
0.07895,0.0,1.000453206,-0.2499973935,0.9999460192
0.079,0.0,1.000453206,-0.2499957389,0.9999460194
0.07905,0.0,1.000453206,-0.2499935243,0.9999460195
0.0791,0.0,1.000453207,-0.2499907519,0.9999460195
0.07915,0.0,1.000453207,-0.2499874239,0.9999460196
0.0792,0.0,1.000453207,-0.2499835425,0.9999460195
0.07925,0.0,1.000453207,-0.2499791102,0.9999460194
0.0793,0.0,1.000453207,-0.2499741296,0.9999460192
0.07935,0.0,1.000453206,-0.2499686033,0.9999460189
0.0794,0.0,1.000453206,-0.2499625342,0.9999460185
0.07945,0.0,1.000453206,-0.2499559252,0.999946018
0.0795,0.0,1.000453205,-0.2499487794,0.9999460173
0.07955,0.0,1.000453204,-0.2499411,0.9999460166
0.0796,0.0,1.000453204,-0.2499328903,0.9999460157
0.07965,0.0,1.000453203,-0.2499241537,0.9999460147
0.0797,0.0,1.000453202,-0.2499148939,0.9999460135
0.07975,0.0,1.000453201,-0.2499051145,0.9999460121
0.0798,0.0,1.000453199,-0.2498948194,0.9999460106
0.07985,0.0,1.000453198,-0.2498840123,0.9999460089
0.0799,0.0,1.000453196,-0.2498726975,0.999946007
0.07995,0.0,1.000453194,-0.2498608791,0.9999460049
0.08,0.0,1.000453192,-0.2498485613,0.9999460026
0.08005,0.0,1.00045319,-0.2498357485,0.9999460001
0.0801,0.0,1.000453187,-0.2498224452,0.9999459973
0.08015,0.0,1.000453184,-0.2498086561,0.9999459944
0.0802,0.0,1.000453181,-0.2497943858,0.9999459912
0.08025,0.0,1.000453178,-0.2497796392,0.9999459877
0.0803,0.0,1.000453175,-0.2497644213,0.999945984
0.08035,0.0,1.000453171,-0.2497487371,0.9999459801
0.0804,0.0,1.000453167,-0.2497325916,0.9999459758
0.08045,0.0,1.000453163,-0.2497159903,0.9999459713
0.0805,0.0,1.000453158,-0.2496989384,0.9999459665
0.08055,0.0,1.000453154,-0.2496814414,0.9999459614
0.0806,0.0,1.000453149,-0.2496635049,0.9999459561
0.08065,0.0,1.000453143,-0.2496451344,0.9999459504
0.0807,0.0,1.000453137,-0.2496263359,0.9999459444
0.08075,0.0,1.000453131,-0.249607115,0.999945938
0.0808,0.0,1.000453125,-0.2495874777,0.9999459314
0.08085,0.0,1.000453118,-0.2495674301,0.9999459244
0.0809,0.0,1.000453111,-0.2495469782,0.9999459171
0.08095,0.0,1.000453104,-0.2495261283,0.9999459094
0.081,0.0,1.000453096,-0.2495048867,0.9999459014
0.08105,0.0,1.000453088,-0.2494832597,0.999945893
0.0811,0.0,1.00045308,-0.2494612538,0.9999458842
0.08115,0.0,1.000453071,-0.2494388755,0.9999458751
0.0812,0.0,1.000453062,-0.2494161314,0.9999458656
0.08125,0.0,1.000453053,-0.2493930283,0.9999458557
0.0813,0.0,1.000453043,-0.2493695728,0.9999458454
0.08135,0.0,1.000453032,-0.2493457719,0.9999458348
0.0814,0.0,1.000453022,-0.2493216325,0.9999458237
0.08145,0.0,1.000453011,-0.2492971615,0.9999458122
0.0815,0.0,1.000452999,-0.249272366,0.9999458003
0.08155,0.0,1.000452987,-0.2492472531,0.999945788
0.0816,0.0,1.000452975,-0.24922183,0.9999457752
0.08165,0.0,1.000452962,-0.2491961039,0.9999457621
0.0817,0.0,1.000452949,-0.2491700822,0.9999457484
0.08175,0.0,1.000452935,-0.2491437722,0.9999457344
0.0818,0.0,1.000452921,-0.2491171814,0.9999457199
0.08185,0.0,1.000452907,-0.2490903171,0.999945705
0.0819,0.0,1.000452892,-0.249063187,0.9999456896
0.08195,0.0,1.000452877,-0.2490357987,0.9999456737
0.082,0.0,1.000452861,-0.2490081596,0.9999456574
0.08205,0.0,1.000452844,-0.2489802777,0.9999456407
0.0821,0.0,1.000452828,-0.2489521604,0.9999456234
0.08215,0.0,1.00045281,-0.2489238157,0.9999456057
0.0822,0.0,1.000452793,-0.2488952514,0.9999455875
0.08225,0.0,1.000452774,-0.2488664752,0.9999455689
0.0823,0.0,1.000452756,-0.2488374951,0.9999455497
0.08235,0.0,1.000452737,-0.2488083189,0.9999455301
0.0824,0.0,1.000452717,-0.2487789547,0.99994551
0.08245,0.0,1.000452697,-0.2487494105,0.9999454894
0.0825,0.0,1.000452676,-0.2487196941,0.9999454682
0.08255,0.0,1.000452655,-0.2486898138,0.9999454466
0.0826,0.0,1.000452633,-0.2486597774,0.9999454245
0.08265,0.0,1.000452611,-0.2486295932,0.9999454019
0.0827,0.0,1.000452589,-0.2485992692,0.9999453788
0.08275,0.0,1.000452566,-0.2485688135,0.9999453552
0.0828,0.0,1.000452542,-0.2485382343,0.999945331
0.08285,0.0,1.000452518,-0.2485075398,0.9999453064
0.0829,0.0,1.000452493,-0.248476738,0.9999452812
0.08295,0.0,1.000452468,-0.2484458373,0.9999452555
0.083,0.0,1.000452442,-0.2484148457,0.9999452294
0.08305,0.0,1.000452416,-0.2483837715,0.9999452026
0.0831,0.0,1.000452389,-0.2483526228,0.9999451754
0.08315,0.0,1.000452362,-0.2483214079,0.9999451477
0.0832,0.0,1.000452334,-0.2482901349,0.9999451194
0.08325,0.0,1.000452306,-0.2482588121,0.9999450906
0.0833,0.0,1.000452277,-0.2482274477,0.9999450613
0.08335,0.0,1.000452248,-0.2481960497,0.9999450315
0.0834,0.0,1.000452218,-0.2481646265,0.9999450011
0.08345,0.0,1.000452188,-0.2481331861,0.9999449702
0.0835,0.0,1.000452157,-0.2481017367,0.9999449388
0.08355,0.0,1.000452125,-0.2480702865,0.9999449069
0.0836,0.0,1.000452093,-0.2480388436,0.9999448744
0.08365,0.0,1.000452061,-0.2480074161,0.9999448414
0.0837,0.0,1.000452028,-0.247976012,0.9999448079
0.08375,0.0,1.000451994,-0.2479446395,0.9999447739
0.0838,0.0,1.00045196,-0.2479133066,0.9999447394
0.08385,0.0,1.000451926,-0.2478820213,0.9999447043
0.0839,0.0,1.000451891,-0.2478507917,0.9999446687
0.08395,0.0,1.000451855,-0.2478196255,0.9999446326
0.084,0.0,1.000451819,-0.2477885309,0.999944596
0.08405,0.0,1.000451782,-0.2477575156,0.9999445588
0.0841,0.0,1.000451745,-0.2477265876,0.9999445212
0.08415,0.0,1.000451708,-0.2476957547,0.999944483
0.0842,0.0,1.000451669,-0.2476650246,0.9999444443
0.08425,0.0,1.000451631,-0.2476344052,0.9999444051
0.0843,0.0,1.000451591,-0.2476039041,0.9999443654
0.08435,0.0,1.000451552,-0.2475735289,0.9999443252
0.0844,0.0,1.000451511,-0.2475432874,0.9999442845
0.08445,0.0,1.000451471,-0.247513187,0.9999442433
0.0845,0.0,1.00045143,-0.2474832354,0.9999442016
0.08455,0.0,1.000451388,-0.2474534399,0.9999441593
0.0846,0.0,1.000451346,-0.2474238081,0.9999441166
0.08465,0.0,1.000451303,-0.2473943472,0.9999440734
0.0847,0.0,1.00045126,-0.2473650646,0.9999440298
0.08475,0.0,1.000451216,-0.2473359676,0.9999439856
0.0848,0.0,1.000451172,-0.2473070634,0.9999439409
0.08485,0.0,1.000451127,-0.2472783591,0.9999438958
0.0849,0.0,1.000451082,-0.2472498618,0.9999438502
0.08495,0.0,1.000451036,-0.2472215785,0.9999438041
0.085,0.0,1.00045099,-0.2471935162,0.9999437576
0.08505,0.0,1.000450944,-0.2471656819,0.9999437106
0.0851,0.0,1.000450897,-0.2471380823,0.9999436631
0.08515,0.0,1.000450849,-0.2471107241,0.9999436152
0.0852,0.0,1.000450801,-0.2470836142,0.9999435668
0.08525,0.0,1.000450753,-0.2470567591,0.999943518
0.0853,0.0,1.000450704,-0.2470301654,0.9999434688
0.08535,0.0,1.000450655,-0.2470038396,0.9999434191
0.0854,0.0,1.000450605,-0.246977788,0.9999433689
0.08545,0.0,1.000450555,-0.2469520171,0.9999433184
0.0855,0.0,1.000450504,-0.2469265331,0.9999432674
0.08555,0.0,1.000450453,-0.2469013421,0.999943216
0.0856,0.0,1.000450402,-0.2468764503,0.9999431641
0.08565,0.0,1.00045035,-0.2468518636,0.9999431119
0.0857,0.0,1.000450298,-0.2468275881,0.9999430593
0.08575,0.0,1.000450245,-0.2468036296,0.9999430062
0.0858,0.0,1.000450192,-0.2467799938,0.9999429528
0.08585,0.0,1.000450138,-0.2467566865,0.999942899
0.0859,0.0,1.000450085,-0.2467337132,0.9999428448
0.08595,0.0,1.00045003,-0.2467110795,0.9999427902
0.086,0.0,1.000449976,-0.2466887908,0.9999427353
0.08605,0.0,1.000449921,-0.2466668524,0.99994268
0.0861,0.0,1.000449865,-0.2466452696,0.9999426243
0.08615,0.0,1.00044981,-0.2466240475,0.9999425683
0.0862,0.0,1.000449754,-0.2466031912,0.9999425119
0.08625,0.0,1.000449697,-0.2465827057,0.9999424552
0.0863,0.0,1.000449641,-0.2465625958,0.9999423981
0.08635,0.0,1.000449583,-0.2465428662,0.9999423407
0.0864,0.0,1.000449526,-0.2465235218,0.999942283
0.08645,0.0,1.000449468,-0.246504567,0.999942225
0.0865,0.0,1.00044941,-0.2464860063,0.9999421667
0.08655,0.0,1.000449352,-0.2464678441,0.9999421081
0.0866,0.0,1.000449293,-0.2464500847,0.9999420491
0.08665,0.0,1.000449234,-0.2464327322,0.9999419899
0.0867,0.0,1.000449175,-0.2464157908,0.9999419304
0.08675,0.0,1.000449116,-0.2463992643,0.9999418707
0.0868,0.0,1.000449056,-0.2463831567,0.9999418106
0.08685,0.0,1.000448996,-0.2463674717,0.9999417503
0.0869,0.0,1.000448935,-0.246352213,0.9999416898
0.08695,0.0,1.000448875,-0.246337384,0.999941629
0.087,0.0,1.000448814,-0.2463229882,0.9999415679
0.08705,0.0,1.000448753,-0.246309029,0.9999415067
0.0871,0.0,1.000448692,-0.2462955096,0.9999414452
0.08715,0.0,1.00044863,-0.2462824329,0.9999413834
0.0872,0.0,1.000448568,-0.2462698021,0.9999413215
0.08725,0.0,1.000448506,-0.2462576201,0.9999412594
0.0873,0.0,1.000448444,-0.2462458895,0.9999411971
0.08735,0.0,1.000448382,-0.2462346131,0.9999411346
0.0874,0.0,1.000448319,-0.2462237933,0.9999410719
0.08745,0.0,1.000448256,-0.2462134327,0.999941009
0.0875,0.0,1.000448194,-0.2462035334,0.999940946
0.08755,0.0,1.000448131,-0.2461940978,0.9999408828
0.0876,0.0,1.000448067,-0.2461851279,0.9999408195
0.08765,0.0,1.000448004,-0.2461766256,0.999940756
0.0877,0.0,1.00044794,-0.2461685928,0.9999406924
0.08775,0.0,1.000447877,-0.2461610313,0.9999406286
0.0878,0.0,1.000447813,-0.2461539427,0.9999405648
0.08785,0.0,1.000447749,-0.2461473284,0.9999405008
0.0879,0.0,1.000447685,-0.2461411898,0.9999404367
0.08795,0.0,1.000447621,-0.2461355282,0.9999403726
0.088,0.0,1.000447557,-0.2461303448,0.9999403083
0.08805,0.0,1.000447493,-0.2461256406,0.999940244
0.0881,0.0,1.000447428,-0.2461214164,0.9999401796
0.08815,0.0,1.000447364,-0.2461176732,0.9999401152
0.0882,0.0,1.000447299,-0.2461144115,0.9999400507
0.08825,0.0,1.000447235,-0.2461116319,0.9999399861
0.0883,0.0,1.00044717,-0.2461093349,0.9999399215
0.08835,0.0,1.000447106,-0.2461075207,0.9999398569
0.0884,0.0,1.000447041,-0.2461061896,0.9999397922
0.08845,0.0,1.000446976,-0.2461053418,0.9999397276
0.0885,0.0,1.000446912,-0.246104977,0.9999396629
0.08855,0.0,1.000446847,-0.2461050952,0.9999395982
0.0886,0.0,1.000446782,-0.2461056962,0.9999395336
0.08865,0.0,1.000446717,-0.2461067795,0.999939469
0.0887,0.0,1.000446653,-0.2461083447,0.9999394043
0.08875,0.0,1.000446588,-0.2461103911,0.9999393398
0.0888,0.0,1.000446524,-0.246112918,0.9999392752
0.08885,0.0,1.000446459,-0.2461159245,0.9999392108
0.0889,0.0,1.000446394,-0.2461194098,0.9999391463
0.08895,0.0,1.00044633,-0.2461233727,0.999939082
0.089,0.0,1.000446266,-0.246127812,0.9999390177
0.08905,0.0,1.000446201,-0.2461327265,0.9999389535
0.0891,0.0,1.000446137,-0.2461381146,0.9999388894
0.08915,0.0,1.000446073,-0.246143975,0.9999388254
0.0892,0.0,1.000446009,-0.2461503059,0.9999387615
0.08925,0.0,1.000445945,-0.2461571056,0.9999386977
0.0893,0.0,1.000445881,-0.2461643722,0.999938634
0.08935,0.0,1.000445817,-0.2461721038,0.9999385705
0.0894,0.0,1.000445754,-0.2461802982,0.9999385071
0.08945,0.0,1.00044569,-0.2461889534,0.9999384438
0.0895,0.0,1.000445627,-0.2461980669,0.9999383807
0.08955,0.0,1.000445564,-0.2462076364,0.9999383177
0.0896,0.0,1.000445501,-0.2462176593,0.999938255
0.08965,0.0,1.000445438,-0.2462281332,0.9999381923
0.0897,0.0,1.000445376,-0.2462390551,0.9999381299
0.08975,0.0,1.000445313,-0.2462504223,0.9999380677
0.0898,0.0,1.000445251,-0.2462622319,0.9999380056
0.08985,0.0,1.000445189,-0.2462744807,0.9999379438
0.0899,0.0,1.000445127,-0.2462871658,0.9999378822
0.08995,0.0,1.000445065,-0.2463002839,0.9999378208
0.09,0.0,1.000445004,-0.2463138315,0.9999377596
0.09005,0.0,1.000444943,-0.2463278054,0.9999376987
0.0901,0.0,1.000444882,-0.2463422019,0.999937638
0.09015,0.0,1.000444821,-0.2463570175,0.9999375775
0.0902,0.0,1.00044476,-0.2463722483,0.9999375173
0.09025,0.0,1.0004447,-0.2463878906,0.9999374574
0.0903,0.0,1.00044464,-0.2464039405,0.9999373977
0.09035,0.0,1.00044458,-0.246420394,0.9999373383
0.0904,0.0,1.000444521,-0.246437247,0.9999372792
0.09045,0.0,1.000444462,-0.2464544953,0.9999372203
0.0905,0.0,1.000444403,-0.2464721345,0.9999371618
0.09055,0.0,1.000444344,-0.2464901605,0.9999371036
0.0906,0.0,1.000444286,-0.2465085687,0.9999370456
0.09065,0.0,1.000444228,-0.2465273545,0.999936988
0.0907,0.0,1.000444171,-0.2465465135,0.9999369307
0.09075,0.0,1.000444113,-0.2465660408,0.9999368738
0.0908,0.0,1.000444056,-0.2465859316,0.9999368171
0.09085,0.0,1.000444,-0.2466061813,0.9999367608
0.0909,0.0,1.000443943,-0.2466267847,0.9999367049
0.09095,0.0,1.000443887,-0.2466477369,0.9999366493
0.091,0.0,1.000443832,-0.2466690328,0.999936594
0.09105,0.0,1.000443776,-0.2466906672,0.9999365391
0.0911,0.0,1.000443721,-0.2467126349,0.9999364846
0.09115,0.0,1.000443667,-0.2467349306,0.9999364304
0.0912,0.0,1.000443613,-0.2467575488,0.9999363767
0.09125,0.0,1.000443559,-0.2467804842,0.9999363233
0.0913,0.0,1.000443505,-0.2468037312,0.9999362703
0.09135,0.0,1.000443452,-0.2468272842,0.9999362177
0.0914,0.0,1.0004434,-0.2468511376,0.9999361654
0.09145,0.0,1.000443348,-0.2468752856,0.9999361136
0.0915,0.0,1.000443296,-0.2468997226,0.9999360622
0.09155,0.0,1.000443244,-0.2469244425,0.9999360112
0.0916,0.0,1.000443193,-0.2469494396,0.9999359606
0.09165,0.0,1.000443143,-0.2469747079,0.9999359105
0.0917,0.0,1.000443093,-0.2470002414,0.9999358608
0.09175,0.0,1.000443043,-0.247026034,0.9999358115
0.0918,0.0,1.000442993,-0.2470520796,0.9999357626
0.09185,0.0,1.000442945,-0.247078372,0.9999357142
0.0919,0.0,1.000442896,-0.2471049049,0.9999356662
0.09195,0.0,1.000442848,-0.2471316722,0.9999356187
0.092,0.0,1.000442801,-0.2471586675,0.9999355716
0.09205,0.0,1.000442753,-0.2471858845,0.9999355249
0.0921,0.0,1.000442707,-0.2472133167,0.9999354788
0.09215,0.0,1.000442661,-0.2472409577,0.999935433
0.0922,0.0,1.000442615,-0.2472688009,0.9999353878
0.09225,0.0,1.00044257,-0.24729684,0.999935343
0.0923,0.0,1.000442525,-0.2473250682,0.9999352987
0.09235,0.0,1.00044248,-0.247353479,0.9999352549
0.0924,0.0,1.000442437,-0.2473820658,0.9999352115
0.09245,0.0,1.000442393,-0.2474108219,0.9999351686
0.0925,0.0,1.00044235,-0.2474397406,0.9999351262
0.09255,0.0,1.000442308,-0.2474688151,0.9999350843
0.0926,0.0,1.000442266,-0.2474980387,0.9999350429
0.09265,0.0,1.000442224,-0.2475274046,0.9999350019
0.0927,0.0,1.000442183,-0.247556906,0.9999349615
0.09275,0.0,1.000442143,-0.2475865361,0.9999349215
0.0928,0.0,1.000442103,-0.2476162879,0.9999348821
0.09285,0.0,1.000442064,-0.2476461547,0.9999348431
0.0929,0.0,1.000442025,-0.2476761295,0.9999348046
0.09295,0.0,1.000441986,-0.2477062055,0.9999347667
0.093,0.0,1.000441948,-0.2477363756,0.9999347292
0.09305,0.0,1.000441911,-0.2477666329,0.9999346923
0.0931,0.0,1.000441874,-0.2477969706,0.9999346558
0.09315,0.0,1.000441837,-0.2478273816,0.9999346199
0.0932,0.0,1.000441801,-0.2478578589,0.9999345845
0.09325,0.0,1.000441766,-0.2478883956,0.9999345495
0.0933,0.0,1.000441731,-0.2479189847,0.9999345151
0.09335,0.0,1.000441696,-0.2479496193,0.9999344812
0.0934,0.0,1.000441663,-0.2479802922,0.9999344478
0.09345,0.0,1.000441629,-0.2480109966,0.999934415
0.0935,0.0,1.000441596,-0.2480417254,0.9999343826
0.09355,0.0,1.000441564,-0.2480724717,0.9999343508
0.0936,0.0,1.000441532,-0.2481032284,0.9999343194
0.09365,0.0,1.000441501,-0.2481339887,0.9999342886
0.0937,0.0,1.00044147,-0.2481647455,0.9999342583
0.09375,0.0,1.000441439,-0.2481954919,0.9999342285
0.0938,0.0,1.00044141,-0.2482262209,0.9999341992
0.09385,0.0,1.00044138,-0.2482569257,0.9999341704
0.0939,0.0,1.000441352,-0.2482875992,0.9999341421
0.09395,0.0,1.000441323,-0.2483182347,0.9999341144
0.094,0.0,1.000441295,-0.2483488251,0.9999340871
0.09405,0.0,1.000441268,-0.2483793638,0.9999340604
0.0941,0.0,1.000441241,-0.2484098437,0.9999340342
0.09415,0.0,1.000441215,-0.2484402582,0.9999340085
0.0942,0.0,1.00044119,-0.2484706004,0.9999339832
0.09425,0.0,1.000441164,-0.2485008636,0.9999339585
0.0943,0.0,1.00044114,-0.248531041,0.9999339343
0.09435,0.0,1.000441115,-0.248561126,0.9999339106
0.0944,0.0,1.000441092,-0.2485911118,0.9999338874
0.09445,0.0,1.000441068,-0.2486209918,0.9999338647
0.0945,0.0,1.000441046,-0.2486507595,0.9999338425
0.09455,0.0,1.000441023,-0.2486804082,0.9999338208
0.0946,0.0,1.000441002,-0.2487099315,0.9999337996
0.09465,0.0,1.00044098,-0.2487393229,0.9999337788
0.0947,0.0,1.00044096,-0.2487685759,0.9999337586
0.09475,0.0,1.000440939,-0.2487976841,0.9999337388
0.0948,0.0,1.00044092,-0.2488266412,0.9999337195
0.09485,0.0,1.0004409,-0.2488554408,0.9999337007
0.0949,0.0,1.000440882,-0.2488840768,0.9999336824
0.09495,0.0,1.000440863,-0.248912543,0.9999336646
0.095,0.0,1.000440845,-0.2489408331,0.9999336472
0.09505,0.0,1.000440828,-0.2489689411,0.9999336303
0.0951,0.0,1.000440811,-0.2489968609,0.9999336138
0.09515,0.0,1.000440795,-0.2490245866,0.9999335978
0.0952,0.0,1.000440779,-0.2490521122,0.9999335823
0.09525,0.0,1.000440763,-0.2490794319,0.9999335673
0.0953,0.0,1.000440748,-0.2491065399,0.9999335526
0.09535,0.0,1.000440733,-0.2491334303,0.9999335385
0.0954,0.0,1.000440719,-0.2491600976,0.9999335248
0.09545,0.0,1.000440706,-0.2491865361,0.9999335115
0.0955,0.0,1.000440692,-0.2492127403,0.9999334986
0.09555,0.0,1.000440679,-0.2492387047,0.9999334862
0.0956,0.0,1.000440667,-0.2492644239,0.9999334742
0.09565,0.0,1.000440655,-0.2492898926,0.9999334627
0.0957,0.0,1.000440643,-0.2493151055,0.9999334515
0.09575,0.0,1.000440632,-0.2493400573,0.9999334408
0.0958,0.0,1.000440622,-0.249364743,0.9999334305
0.09585,0.0,1.000440611,-0.2493891576,0.9999334206
0.0959,0.0,1.000440601,-0.2494132961,0.9999334111
0.09595,0.0,1.000440592,-0.2494371535,0.999933402
0.096,0.0,1.000440583,-0.2494607251,0.9999333933
0.09605,0.0,1.000440574,-0.2494840062,0.999933385
0.0961,0.0,1.000440566,-0.249506992,0.999933377
0.09615,0.0,1.000440558,-0.2495296781,0.9999333695
0.0962,0.0,1.00044055,-0.24955206,0.9999333623
0.09625,0.0,1.000440543,-0.2495741332,0.9999333555
0.0963,0.0,1.000440536,-0.2495958934,0.999933349
0.09635,0.0,1.00044053,-0.2496173365,0.9999333429
0.0964,0.0,1.000440524,-0.2496384582,0.9999333372
0.09645,0.0,1.000440518,-0.2496592546,0.9999333318
0.0965,0.0,1.000440512,-0.2496797215,0.9999333267
0.09655,0.0,1.000440507,-0.2496998553,0.999933322
0.0966,0.0,1.000440503,-0.249719652,0.9999333176
0.09665,0.0,1.000440498,-0.249739108,0.9999333135
0.0967,0.0,1.000440494,-0.2497582197,0.9999333098
0.09675,0.0,1.00044049,-0.2497769835,0.9999333063
0.0968,0.0,1.000440487,-0.249795396,0.9999333032
0.09685,0.0,1.000440484,-0.2498134539,0.9999333004
0.0969,0.0,1.000440481,-0.249831154,0.9999332978
0.09695,0.0,1.000440479,-0.2498484931,0.9999332956
0.097,0.0,1.000440476,-0.2498654681,0.9999332936
0.09705,0.0,1.000440474,-0.2498820761,0.9999332919
0.0971,0.0,1.000440473,-0.2498983143,0.9999332905
0.09715,0.0,1.000440471,-0.2499141798,0.9999332893
0.0972,0.0,1.00044047,-0.2499296701,0.9999332885
0.09725,0.0,1.000440469,-0.2499447824,0.9999332878
0.0973,0.0,1.000440468,-0.2499595145,0.9999332874
0.09735,0.0,1.000440468,-0.2499738637,0.9999332873
0.0974,0.0,1.000440468,-0.249987828,0.9999332873
0.09745,0.0,1.000440468,-0.2500014051,0.9999332876
0.0975,0.0,1.000440468,-0.2500145929,0.9999332882
0.09755,0.0,1.000440469,-0.2500273895,0.9999332889
0.0976,0.0,1.00044047,-0.2500397929,0.9999332898
0.09765,0.0,1.000440471,-0.2500518013,0.999933291
0.0977,0.0,1.000440472,-0.2500634131,0.9999332923
0.09775,0.0,1.000440473,-0.2500746267,0.9999332938
0.0978,0.0,1.000440475,-0.2500854406,0.9999332955
0.09785,0.0,1.000440476,-0.2500958534,0.9999332974
0.0979,0.0,1.000440478,-0.2501058637,0.9999332994
0.09795,0.0,1.00044048,-0.2501154705,0.9999333017
0.098,0.0,1.000440482,-0.2501246726,0.999933304
0.09805,0.0,1.000440485,-0.250133469,0.9999333065
0.0981,0.0,1.000440487,-0.2501418588,0.9999333092
0.09815,0.0,1.00044049,-0.2501498412,0.9999333119
0.0982,0.0,1.000440493,-0.2501574156,0.9999333148
0.09825,0.0,1.000440496,-0.2501645813,0.9999333178
0.0983,0.0,1.000440499,-0.2501713378,0.999933321
0.09835,0.0,1.000440502,-0.2501776848,0.9999333242
0.0984,0.0,1.000440505,-0.250183622,0.9999333276
0.09845,0.0,1.000440508,-0.2501891491,0.999933331
0.0985,0.0,1.000440512,-0.2501942661,0.9999333345
0.09855,0.0,1.000440515,-0.2501989729,0.9999333381
0.0986,0.0,1.000440519,-0.2502032697,0.9999333418
0.09865,0.0,1.000440522,-0.2502071567,0.9999333455
0.0987,0.0,1.000440526,-0.2502106341,0.9999333493
0.09875,0.0,1.00044053,-0.2502137024,0.9999333531
0.0988,0.0,1.000440534,-0.2502163621,0.999933357
0.09885,0.0,1.000440538,-0.2502186137,0.9999333609
0.0989,0.0,1.000440542,-0.250220458,0.9999333649
0.09895,0.0,1.000440546,-0.2502218957,0.9999333689
0.099,0.0,1.00044055,-0.2502229277,0.9999333728
0.09905,0.0,1.000440554,-0.250223555,0.9999333769
0.0991,0.0,1.000440558,-0.2502237786,0.9999333809
0.09915,0.0,1.000440562,-0.2502235998,0.9999333849
0.0992,0.0,1.000440566,-0.2502230199,0.9999333889
0.09925,0.0,1.00044057,-0.2502220401,0.9999333928
0.0993,0.0,1.000440574,-0.2502206619,0.9999333968
0.09935,0.0,1.000440578,-0.250218887,0.9999334007
0.0994,0.0,1.000440581,-0.2502167169,0.9999334046
0.09945,0.0,1.000440585,-0.2502141533,0.9999334085
0.0995,0.0,1.000440589,-0.2502111981,0.9999334123
0.09955,0.0,1.000440593,-0.2502078532,0.999933416
0.0996,0.0,1.000440597,-0.2502041207,0.9999334197
0.09965,0.0,1.0004406,-0.2502000026,0.9999334233
0.0997,0.0,1.000440604,-0.2501955011,0.9999334268
0.09975,0.0,1.000440608,-0.2501906185,0.9999334303
0.0998,0.0,1.000440611,-0.2501853572,0.9999334336
0.09985,0.0,1.000440614,-0.2501797196,0.9999334369
0.0999,0.0,1.000440618,-0.2501737082,0.9999334401
0.09995,0.0,1.000440621,-0.2501673258,0.9999334432
